name,borough_name,latitude,longitude,url,manual_frequency,keywords,frequency,keyword_frequency
Wembley Library,Brent,51.55840914,-0.27988313,https://www.brent.gov.uk/services-for-residents/libraries/libraries-in-brent/wembley-library/,,"['child', 'children', 'kid', 'kids', 'baby', 'babies', 'family', 'families', 'play', 'rhyme', 'rhymes', 'toy', 'toys', 'craft', 'nursery', 'daycare']","[0, 0, 0, 0, 0, 0, 0, 0, 0, 0, 0, 0, 0, 0, 0, 0]",0
Kilburn,Brent,51.53460692,-0.203802273,https://www.brent.gov.uk/libraries-arts-and-heritage/libraries/kilburn-library,,"['child', 'children', 'kid', 'kids', 'baby', 'babies', 'family', 'families', 'play', 'rhyme', 'rhymes', 'toy', 'toys', 'craft', 'nursery', 'daycare']","[0, 0, 0, 0, 0, 0, 0, 0, 0, 0, 0, 0, 0, 0, 0, 0]",0
Bradmore Green,Croydon,51.30703271,-0.12240494,,,,,
Biggin Hill Memorial Library and Pool,Bromley,51.31170065,0.036318182,https://www.better.org.uk/library/london/bromley/biggin-hill-memorial-library,1,"['child', 'children', 'kid', 'kids', 'baby', 'babies', 'family', 'families', 'play', 'rhyme', 'rhymes', 'toy', 'toys', 'craft', 'nursery', 'daycare']","[0, 0, 0, 0, 0, 0, 0, 0, 0, 0, 0, 0, 0, 0, 0, 0]",0
Coulsdon,Croydon,51.31947203,-0.13709679,,,,,
Purley,Croydon,51.33861472,-0.117094012,,,,,
Sanderstead,Croydon,51.34028969,-0.083955297,,,,,
New Addington,Croydon,51.34039632,-0.014765878,https://www.croydon.gov.uk/libraries-leisure-and-culture/libraries/find-your-library/new-addington-library,,"['child', 'children', 'kid', 'kids', 'baby', 'babies', 'family', 'families', 'play', 'rhyme', 'rhymes', 'toy', 'toys', 'craft', 'nursery', 'daycare']","[0, 0, 0, 0, 0, 0, 0, 0, 0, 0, 0, 0, 0, 0, 0, 0]",0
Selsdon,Croydon,51.34193161,-0.060767012,,,,,
Library @ the Phoenix Centre,Sutton,51.35268985,-0.131684671,https://suttoninformationhub.org.uk/services/library-the-phoenix-centre,,"['child', 'children', 'kid', 'kids', 'baby', 'babies', 'family', 'families', 'play', 'rhyme', 'rhymes', 'toy', 'toys', 'craft', 'nursery', 'daycare']","[0, 0, 0, 0, 0, 0, 0, 0, 0, 0, 0, 0, 0, 0, 0, 0]",0
Wallington Library,Sutton,51.35732129,-0.149222392,https://suttoninformationhub.org.uk/services/wallington-library,,"['child', 'children', 'kid', 'kids', 'baby', 'babies', 'family', 'families', 'play', 'rhyme', 'rhymes', 'toy', 'toys', 'craft', 'nursery', 'daycare']","[0, 0, 0, 0, 0, 0, 0, 0, 0, 0, 0, 0, 0, 0, 0, 0]",0
Cheam Library,Sutton,51.35957626,-0.215126355,https://libraries.sutton.gov.uk/digital-content/libraries/cheam-library,,"['child', 'children', 'kid', 'kids', 'baby', 'babies', 'family', 'families', 'play', 'rhyme', 'rhymes', 'toy', 'toys', 'craft', 'nursery', 'daycare']","[0, 0, 0, 0, 0, 0, 0, 0, 0, 0, 0, 0, 0, 0, 0, 0]",0
Sutton Central Library,Sutton,51.36154844,-0.193586833,https://libraries.sutton.gov.uk/digital-content/libraries/sutton-central-library,,"['child', 'children', 'kid', 'kids', 'baby', 'babies', 'family', 'families', 'play', 'rhyme', 'rhymes', 'toy', 'toys', 'craft', 'nursery', 'daycare']","[0, 0, 0, 0, 0, 0, 0, 0, 0, 0, 0, 0, 0, 0, 0, 0]",0
Hook and Chessington Library,Kingston upon Thames,51.36739709,-0.30447708,,,,,
Library @ Westcroft Centre,Sutton,51.36742881,-0.156544791,https://suttoninformationhub.org.uk/services/westcroft-library,,"['child', 'children', 'kid', 'kids', 'baby', 'babies', 'family', 'families', 'play', 'rhyme', 'rhymes', 'toy', 'toys', 'craft', 'nursery', 'daycare']","[0, 0, 0, 0, 0, 0, 0, 0, 0, 0, 0, 0, 0, 0, 0, 0]",0
Croydon central library,Croydon,51.37138431,-0.097931813,https://www.croydon.gov.uk/libraries-leisure-and-culture/libraries/find-your-library/central-library,,"['child', 'children', 'kid', 'kids', 'baby', 'babies', 'family', 'families', 'play', 'rhyme', 'rhymes', 'toy', 'toys', 'craft', 'nursery', 'daycare']","[0, 0, 0, 0, 0, 0, 0, 0, 2, 0, 0, 0, 0, 0, 0, 0]",2
Worcester Park Library,Sutton,51.37753233,-0.239807077,https://suttoninformationhub.org.uk/services/worcester-park-library,,"['child', 'children', 'kid', 'kids', 'baby', 'babies', 'family', 'families', 'play', 'rhyme', 'rhymes', 'toy', 'toys', 'craft', 'nursery', 'daycare']","[0, 0, 0, 0, 0, 0, 0, 0, 0, 0, 0, 0, 0, 0, 0, 0]",0
Shirley,Croydon,51.37465273,-0.043548174,,,,,
West Wickham Library,Bromley,51.37533193,-0.012306129,https://www.better.org.uk/library/london/bromley/west-wickham-library,7,"['child', 'children', 'kid', 'kids', 'baby', 'babies', 'family', 'families', 'play', 'rhyme', 'rhymes', 'toy', 'toys', 'craft', 'nursery', 'daycare']","[0, 0, 0, 0, 0, 0, 0, 0, 0, 0, 0, 0, 0, 0, 0, 0]",0
Library @ The Life Centre,Sutton,51.37837931,-0.200253584,https://libraries.sutton.gov.uk/digital-content/libraries/library-at-the-life-centre,,"['child', 'children', 'kid', 'kids', 'baby', 'babies', 'family', 'families', 'play', 'rhyme', 'rhymes', 'toy', 'toys', 'craft', 'nursery', 'daycare']","[0, 0, 0, 0, 0, 0, 0, 0, 0, 0, 0, 0, 0, 0, 0, 0]",0
Tolworth Community Library,Kingston upon Thames,51.3805588,-0.28069395,,,,,
Hayes Library,Bromley,51.37686239,0.019678625,https://www.better.org.uk/library/london/bromley/hayes-library,4,"['child', 'children', 'kid', 'kids', 'baby', 'babies', 'family', 'families', 'play', 'rhyme', 'rhymes', 'toy', 'toys', 'craft', 'nursery', 'daycare']","[0, 0, 0, 0, 0, 0, 0, 0, 0, 0, 0, 0, 0, 0, 0, 0]",0
Orpington Library,Bromley,51.375607,0.102773528,https://www.better.org.uk/library/london/bromley/orpington-library,,"['child', 'children', 'kid', 'kids', 'baby', 'babies', 'family', 'families', 'play', 'rhyme', 'rhymes', 'toy', 'toys', 'craft', 'nursery', 'daycare']","[0, 0, 0, 0, 0, 0, 0, 0, 0, 0, 0, 0, 0, 0, 0, 0]",0
Old Malden Library,Kingston upon Thames,51.38323859,-0.253314099,,,,,
Ashburton,Croydon,51.38255158,-0.061536706,,,,,
The Circle Library,Sutton,51.38506086,-0.172897523,https://suttoninformationhub.org.uk/services/circle-library,,"['child', 'children', 'kid', 'kids', 'baby', 'babies', 'family', 'families', 'play', 'rhyme', 'rhymes', 'toy', 'toys', 'craft', 'nursery', 'daycare']","[0, 0, 0, 0, 0, 0, 0, 0, 0, 0, 0, 0, 0, 0, 0, 0]",0
Broad Green,Croydon,51.38485402,-0.115555759,,,,,
Surbiton Library,Kingston upon Thames,51.39228094,-0.296326317,,,,,
Southborough Library,Bromley,51.38938336,0.044998489,https://www.better.org.uk/library/london/bromley/southborough-library,,"['child', 'children', 'kid', 'kids', 'baby', 'babies', 'family', 'families', 'play', 'rhyme', 'rhymes', 'toy', 'toys', 'craft', 'nursery', 'daycare']","[0, 0, 0, 0, 0, 0, 0, 0, 0, 0, 0, 0, 0, 0, 0, 0]",0
Petts Wood Library,Bromley,51.38948409,0.072531624,https://www.better.org.uk/library/london/bromley/petts-wood-library,8,"['child', 'children', 'kid', 'kids', 'baby', 'babies', 'family', 'families', 'play', 'rhyme', 'rhymes', 'toy', 'toys', 'craft', 'nursery', 'daycare']","[0, 0, 0, 0, 0, 0, 0, 0, 0, 0, 0, 0, 0, 0, 0, 0]",0
West Barnes Library,Merton,51.39463987,-0.237525903,https://arena.yourlondonlibrary.net/web/merton/west-barnes-library,5,"['child', 'children', 'kid', 'kids', 'baby', 'babies', 'family', 'families', 'play', 'rhyme', 'rhymes', 'toy', 'toys', 'craft', 'nursery', 'daycare']","[0, 0, 0, 0, 0, 0, 0, 0, 0, 0, 0, 0, 0, 0, 0, 0]",0
New Malden Library,Kingston upon Thames,51.3987777,-0.259235194,https://arena.yourlondonlibrary.net/web/kingston,,"['child', 'children', 'kid', 'kids', 'baby', 'babies', 'family', 'families', 'play', 'rhyme', 'rhymes', 'toy', 'toys', 'craft', 'nursery', 'daycare']","[0, 0, 0, 0, 0, 0, 0, 0, 0, 0, 0, 0, 0, 0, 0, 0]",0
Thornton Heath,Croydon,51.3963774,-0.103997406,,,,,
South Norwood,Croydon,51.39677584,-0.077124186,http://www.croydonlibraries.com/find-your-library/south-norwood-library,,"['child', 'children', 'kid', 'kids', 'baby', 'babies', 'family', 'families', 'play', 'rhyme', 'rhymes', 'toy', 'toys', 'craft', 'nursery', 'daycare']","[0, 0, 0, 0, 0, 0, 0, 0, 0, 0, 0, 0, 0, 0, 0, 0]",0
Pollards Hill Library,Merton,51.3995746,-0.13027904,https://arena.yourlondonlibrary.net/web/merton/pollards-hill-library,2,"['child', 'children', 'kid', 'kids', 'baby', 'babies', 'family', 'families', 'play', 'rhyme', 'rhymes', 'toy', 'toys', 'craft', 'nursery', 'daycare']","[0, 0, 0, 0, 0, 0, 0, 0, 0, 0, 0, 0, 0, 0, 0, 0]",0
Morden Library,Merton,51.40100796,-0.194447903,https://arena.yourlondonlibrary.net/web/merton/morden-library,11,"['child', 'children', 'kid', 'kids', 'baby', 'babies', 'family', 'families', 'play', 'rhyme', 'rhymes', 'toy', 'toys', 'craft', 'nursery', 'daycare']","[0, 0, 0, 0, 0, 0, 0, 0, 0, 0, 0, 0, 0, 0, 0, 0]",0
Shortlands Library,Bromley,51.39924941,-0.005589835,https://www.better.org.uk/library/london/bromley/shortlands-library,8,"['child', 'children', 'kid', 'kids', 'baby', 'babies', 'family', 'families', 'play', 'rhyme', 'rhymes', 'toy', 'toys', 'craft', 'nursery', 'daycare']","[0, 0, 0, 0, 0, 0, 0, 0, 0, 0, 0, 0, 0, 0, 0, 0]",0
Norbury,Croydon,51.40507418,-0.119052849,,,,,
Bromley Central Library,Bromley,51.40324078,0.016066784,,,,,
Kingston Library,Kingston upon Thames,51.40882739,-0.298688099,,,,,
Raynes Park Library,Merton,51.40858096,-0.226221534,https://arena.yourlondonlibrary.net/web/merton/raynes-park-library,9,"['child', 'children', 'kid', 'kids', 'baby', 'babies', 'family', 'families', 'play', 'rhyme', 'rhymes', 'toy', 'toys', 'craft', 'nursery', 'daycare']","[0, 0, 0, 0, 0, 0, 0, 0, 0, 0, 0, 0, 0, 0, 0, 0]",0
Mitcham Library,Merton,51.40810347,-0.160877126,https://arena.yourlondonlibrary.net/web/merton/mitcham-library,14,,,
Mitcham Library,Merton,51.40810347,-0.160877126,https://libraries.merton.gov.uk/events/location/54,,"['child', 'children', 'kid', 'kids', 'baby', 'babies', 'family', 'families', 'play', 'rhyme', 'rhymes', 'toy', 'toys', 'craft', 'nursery', 'daycare']","[0, 0, 0, 0, 0, 0, 0, 0, 0, 0, 0, 0, 0, 0, 0, 0]",0
St Pauls Cray Library,Bromley,51.40401746,0.104867667,https://www.better.org.uk/library/london/bromley/st-paul-s-cray-library-community-support-centre,3,"['child', 'children', 'kid', 'kids', 'baby', 'babies', 'family', 'families', 'play', 'rhyme', 'rhymes', 'toy', 'toys', 'craft', 'nursery', 'daycare']","[0, 0, 0, 0, 0, 0, 0, 0, 0, 0, 0, 0, 0, 0, 0, 0]",0
Beckenham Library,Bromley,51.40810746,-0.03534684,https://arena.yourlondonlibrary.net/web/bromley/beckenham-library,7,"['child', 'children', 'kid', 'kids', 'baby', 'babies', 'family', 'families', 'play', 'rhyme', 'rhymes', 'toy', 'toys', 'craft', 'nursery', 'daycare']","[0, 0, 0, 0, 0, 0, 0, 0, 0, 0, 0, 0, 0, 0, 0, 0]",0
Hampton,Richmond upon Thames,51.41335784,-0.368733087,,,,,
Hampton Wick,Richmond upon Thames,51.41327031,-0.311754655,,,,,
Penge Library,Bromley,51.41339872,-0.049516924,https://www.better.org.uk/library/london/bromley/penge-library,9,"['child', 'children', 'kid', 'kids', 'baby', 'babies', 'family', 'families', 'play', 'rhyme', 'rhymes', 'toy', 'toys', 'craft', 'nursery', 'daycare']","[0, 0, 0, 0, 0, 0, 0, 0, 0, 0, 0, 0, 0, 0, 0, 0]",0
Colliers Wood Library,Merton,51.41810235,-0.175888599,http://www.lse.ac.uk/library/collection-highlights/The-Womens-Library,6,"['child', 'children', 'kid', 'kids', 'baby', 'babies', 'family', 'families', 'play', 'rhyme', 'rhymes', 'toy', 'toys', 'craft', 'nursery', 'daycare']","[2, 1, 0, 0, 0, 0, 0, 0, 0, 0, 0, 0, 0, 0, 0, 0]",3
Upper Norwood,Croydon,51.4195192,-0.079751385,,,,,
Wimbledon Library,Merton,51.42192157,-0.206383148,https://arena.yourlondonlibrary.net/web/merton/wimbledon-library,14,"['child', 'children', 'kid', 'kids', 'baby', 'babies', 'family', 'families', 'play', 'rhyme', 'rhymes', 'toy', 'toys', 'craft', 'nursery', 'daycare']","[0, 0, 0, 0, 0, 0, 0, 0, 0, 0, 0, 0, 0, 0, 0, 0]",0
Burnt Ash Library,Bromley,51.4192948,0.021290019,https://www.better.org.uk/library/london/bromley/burnt-ash-library,4,"['child', 'children', 'kid', 'kids', 'baby', 'babies', 'family', 'families', 'play', 'rhyme', 'rhymes', 'toy', 'toys', 'craft', 'nursery', 'daycare']","[0, 0, 0, 0, 0, 0, 0, 0, 0, 0, 0, 0, 0, 0, 0, 0]",0
Hampton Hill,Richmond upon Thames,51.4259997,-0.354371646,,,,,
Chislehurst Library,Bromley,51.41951611,0.066352567,https://arena.yourlondonlibrary.net/web/bromley/chislehurst-library,14,"['child', 'children', 'kid', 'kids', 'baby', 'babies', 'family', 'families', 'play', 'rhyme', 'rhymes', 'toy', 'toys', 'craft', 'nursery', 'daycare']","[0, 0, 0, 0, 0, 0, 0, 0, 0, 0, 0, 0, 0, 0, 0, 0]",0
Tudor Drive Library,Kingston upon Thames,51.42580323,-0.295942865,,,,,
Teddington,Richmond upon Thames,51.42722399,-0.332819999,https://www.richmond.gov.uk/teddington_library,,"['child', 'children', 'kid', 'kids', 'baby', 'babies', 'family', 'families', 'play', 'rhyme', 'rhymes', 'toy', 'toys', 'craft', 'nursery', 'daycare']","[0, 0, 0, 0, 0, 0, 0, 0, 0, 0, 0, 0, 0, 0, 0, 0]",0
Tooting Library,Wandsworth,51.42603474,-0.164185342,http://www.better.org.uk/areas/wandsworth/venues/tooting-library,,"['child', 'children', 'kid', 'kids', 'baby', 'babies', 'family', 'families', 'play', 'rhyme', 'rhymes', 'toy', 'toys', 'craft', 'nursery', 'daycare']","[0, 0, 0, 0, 0, 0, 0, 0, 0, 0, 0, 0, 0, 0, 0, 0]",0
Sydenham community library service,Lewisham,51.42640821,-0.039007332,,,,,
Downham Library,Lewisham,51.42655123,0.011453184,,,,,
Sidcup Library,Bexley,51.42531937,0.106637863,https://arena.yourlondonlibrary.net/web/bexley/sidcup-library,16,"['child', 'children', 'kid', 'kids', 'baby', 'babies', 'family', 'families', 'play', 'rhyme', 'rhymes', 'toy', 'toys', 'craft', 'nursery', 'daycare']","[0, 0, 0, 0, 0, 0, 0, 0, 0, 0, 0, 0, 0, 0, 0, 0]",0
Kingswood Library,Southwark,51.42992202,-0.080120892,,,,,
Streatham,Lambeth,51.43105845,-0.127568076,https://www.lambeth.gov.uk/libraries-0/streatham-library,,"['child', 'children', 'kid', 'kids', 'baby', 'babies', 'family', 'families', 'play', 'rhyme', 'rhymes', 'toy', 'toys', 'craft', 'nursery', 'daycare']","[0, 0, 0, 0, 0, 0, 0, 0, 0, 0, 0, 0, 0, 0, 0, 0]",0
Coldharbour Library,Greenwich,51.42980097,0.058915383,http://www.better.org.uk/areas/greenwich/venues/coldharbour-library,,"['child', 'children', 'kid', 'kids', 'baby', 'babies', 'family', 'families', 'play', 'rhyme', 'rhymes', 'toy', 'toys', 'craft', 'nursery', 'daycare']","[0, 0, 0, 0, 0, 0, 0, 0, 0, 0, 0, 0, 0, 0, 0, 0]",0
Ham,Richmond upon Thames,51.43737166,-0.311671896,https://www.visitrichmond.co.uk/information/product-catch-all/ham-library-p1581591,,,,
Hanworth Library,Hounslow,51.43983125,-0.387346368,https://www.hounslow.gov.uk/directory_record/2982/hanworth_library,,,,3
Forest Hill Library,Lewisham,51.43537399,-0.054595642,https://fhlibrary.co.uk/,,"['child', 'children', 'kid', 'kids', 'baby', 'babies', 'family', 'families', 'play', 'rhyme', 'rhymes', 'toy', 'toys', 'craft', 'nursery', 'daycare']","[0, 0, 0, 0, 0, 0, 0, 0, 0, 0, 0, 0, 0, 0, 0, 0]",0
Grove Park community library service,Lewisham,51.43543627,0.02508199,https://lewisham.gov.uk/myservices/libraries/branches/grove-park-community-library-service,,,,
Mottingham Library,Greenwich,51.43693949,0.045208326,https://www.better.org.uk/library/london/bromley/mottingham-library,6,"['child', 'children', 'kid', 'kids', 'baby', 'babies', 'family', 'families', 'play', 'rhyme', 'rhymes', 'toy', 'toys', 'craft', 'nursery', 'daycare']","[0, 0, 0, 0, 0, 0, 0, 0, 0, 0, 0, 0, 0, 0, 0, 0]",0
Heathfield Library Access Point,Richmond upon Thames,51.4434674,-0.362896718,https://librarytechnology.org/library/32576,,,,
New Eltham Library,Greenwich,51.43700853,0.072897864,http://www.better.org.uk/areas/greenwich/venues/new-eltham-library,,"['child', 'children', 'kid', 'kids', 'baby', 'babies', 'family', 'families', 'play', 'rhyme', 'rhymes', 'toy', 'toys', 'craft', 'nursery', 'daycare']","[0, 0, 0, 0, 0, 0, 0, 0, 0, 0, 0, 0, 0, 0, 0, 0]",0
Earlsfield Library,Wandsworth,51.44192022,-0.185149645,http://www.better.org.uk/areas/wandsworth/venues/earlsfield-library,,"['child', 'children', 'kid', 'kids', 'baby', 'babies', 'family', 'families', 'play', 'rhyme', 'rhymes', 'toy', 'toys', 'craft', 'nursery', 'daycare']","[0, 0, 0, 0, 0, 0, 0, 0, 0, 0, 0, 0, 0, 0, 0, 0]",0
Feltham Library,Hounslow,51.44585041,-0.409519872,https://www.hounslow.gov.uk/directory_record/2981/feltham_library,,,,3
Southfields Library,Wandsworth,51.44303209,-0.207139118,http://www.better.org.uk/areas/wandsworth/venues/southfields-library,,"['child', 'children', 'kid', 'kids', 'baby', 'babies', 'family', 'families', 'play', 'rhyme', 'rhymes', 'toy', 'toys', 'craft', 'nursery', 'daycare']","[0, 0, 0, 0, 0, 0, 0, 0, 0, 0, 0, 0, 0, 0, 0, 0]",0
Torridon Road Library,Lewisham,51.44182955,2.12E-05,https://www.lewisham.gov.uk/myservices/libraries/branches/Pages/torridon-road-library.aspx,,"['child', 'children', 'kid', 'kids', 'baby', 'babies', 'family', 'families', 'play', 'rhyme', 'rhymes', 'toy', 'toys', 'craft', 'nursery', 'daycare']","[0, 0, 0, 0, 0, 0, 0, 0, 0, 0, 0, 0, 0, 0, 0, 0]",0
Twickenham,Richmond upon Thames,51.44697104,-0.326329333,https://www.richmond.gov.uk/twickenham_library,,"['child', 'children', 'kid', 'kids', 'baby', 'babies', 'family', 'families', 'play', 'rhyme', 'rhymes', 'toy', 'toys', 'craft', 'nursery', 'daycare']","[0, 0, 0, 0, 0, 0, 0, 0, 0, 0, 0, 0, 0, 0, 0, 0]",0
Balham Library,Wandsworth,51.44496215,-0.150761033,http://www.better.org.uk/areas/wandsworth/venues/balham-library,,"['child', 'children', 'kid', 'kids', 'baby', 'babies', 'family', 'families', 'play', 'rhyme', 'rhymes', 'toy', 'toys', 'craft', 'nursery', 'daycare']","[0, 0, 0, 0, 0, 0, 0, 0, 0, 0, 0, 0, 0, 0, 0, 0]",0
Catford library,Lewisham,51.4440966,-0.019079052,https://lewisham.gov.uk/myservices/libraries/branches/catford-library,,,,
Bexley Community Library,Bexley,51.44224098,0.152449184,https://arena.yourlondonlibrary.net/web/bexley/bcl,,"['child', 'children', 'kid', 'kids', 'baby', 'babies', 'family', 'families', 'play', 'rhyme', 'rhymes', 'toy', 'toys', 'craft', 'nursery', 'daycare']","[0, 0, 0, 0, 0, 0, 0, 0, 0, 0, 0, 0, 0, 0, 0, 0]",0
Bedfont Library,Hounslow,51.45154014,-0.432661866,https://www.hounslow.gov.uk/directory_record/2977/bedfont_library,,,,2
Roehampton Library,Wandsworth,51.44929376,-0.240517105,http://www.better.org.uk/areas/wandsworth/venues/roehampton-library,,"['child', 'children', 'kid', 'kids', 'baby', 'babies', 'family', 'families', 'play', 'rhyme', 'rhymes', 'toy', 'toys', 'craft', 'nursery', 'daycare']","[0, 0, 0, 0, 0, 0, 0, 0, 0, 0, 0, 0, 0, 0, 0, 0]",0
Whitton,Richmond upon Thames,51.45223366,-0.357588317,https://www.richmond.gov.uk/whitton_library,,,,
Dulwich Library,Southwark,51.44828683,-0.072974201,https://selmind.org.uk/directory/dulwich-library-southwark/,,,,
Blackfen Community Library,Bexley,51.44966601,0.106032019,https://arena.yourlondonlibrary.net/web/bexley/blackfen-library,,"['child', 'children', 'kid', 'kids', 'baby', 'babies', 'family', 'families', 'play', 'rhyme', 'rhymes', 'toy', 'toys', 'craft', 'nursery', 'daycare']","[0, 0, 0, 0, 0, 0, 0, 0, 0, 0, 0, 0, 0, 0, 0, 0]",0
Eltham Centre Library,Greenwich,51.45051273,0.05950408,http://www.better.org.uk/areas/greenwich/venues/eltham-library,,"['child', 'children', 'kid', 'kids', 'baby', 'babies', 'family', 'families', 'play', 'rhyme', 'rhymes', 'toy', 'toys', 'craft', 'nursery', 'daycare']","[0, 0, 0, 0, 0, 0, 0, 0, 0, 0, 0, 0, 0, 0, 0, 0]",0
Northcote Library,Wandsworth,51.45463918,-0.162764313,http://www.better.org.uk/areas/wandsworth/venues/northcote-library,,"['child', 'children', 'kid', 'kids', 'baby', 'babies', 'family', 'families', 'play', 'rhyme', 'rhymes', 'toy', 'toys', 'craft', 'nursery', 'daycare']","[0, 0, 0, 0, 0, 0, 0, 0, 0, 0, 0, 0, 0, 0, 0, 0]",0
Wandsworth Town Library,Wandsworth,51.45567007,-0.190880754,http://www.better.org.uk/areas/wandsworth/venues/wandsworth-town-library,,"['child', 'children', 'kid', 'kids', 'baby', 'babies', 'family', 'families', 'play', 'rhyme', 'rhymes', 'toy', 'toys', 'craft', 'nursery', 'daycare']","[0, 0, 0, 0, 0, 0, 0, 0, 0, 0, 0, 0, 0, 0, 0, 0]",0
Crayford Library,Bexley,51.44939192,0.181716274,https://arena.yourlondonlibrary.net/web/bexley/crayford-library,14,"['child', 'children', 'kid', 'kids', 'baby', 'babies', 'family', 'families', 'play', 'rhyme', 'rhymes', 'toy', 'toys', 'craft', 'nursery', 'daycare']","[0, 0, 0, 0, 0, 0, 0, 0, 0, 0, 0, 0, 0, 0, 0, 0]",0
Richmond Information and Reference Library. Richmond ,Richmond upon Thames,51.4583449,-0.304851588,https://www.richmond.gov.uk/local_studies_collection,,"['child', 'children', 'kid', 'kids', 'baby', 'babies', 'family', 'families', 'play', 'rhyme', 'rhymes', 'toy', 'toys', 'craft', 'nursery', 'daycare']","[0, 0, 0, 0, 0, 0, 2, 0, 0, 0, 0, 0, 0, 0, 0, 0]",2
Crofton Park community library service,Lewisham,51.45492733,-0.034704482,https://lewisham.gov.uk/myservices/libraries/branches/crofton-park-community-library-service,,,,
Manor House Library,Lewisham,51.45679923,0.006103015,https://mhlibrary.co.uk/,,"['child', 'children', 'kid', 'kids', 'baby', 'babies', 'family', 'families', 'play', 'rhyme', 'rhymes', 'toy', 'toys', 'craft', 'nursery', 'daycare']","[1, 0, 0, 0, 0, 0, 0, 0, 0, 0, 0, 0, 0, 0, 0, 0]",1
Richmond Lending Library,Richmond upon Thames,51.46178601,-0.302132551,https://www.richmond.gov.uk/richmond_library,,"['child', 'children', 'kid', 'kids', 'baby', 'babies', 'family', 'families', 'play', 'rhyme', 'rhymes', 'toy', 'toys', 'craft', 'nursery', 'daycare']","[0, 0, 0, 0, 0, 0, 0, 0, 0, 0, 0, 0, 0, 0, 0, 0]",0
Putney Library,Wandsworth,51.46127262,-0.214314012,http://www.better.org.uk/areas/wandsworth/venues/putney-library,,"['child', 'children', 'kid', 'kids', 'baby', 'babies', 'family', 'families', 'play', 'rhyme', 'rhymes', 'toy', 'toys', 'craft', 'nursery', 'daycare']","[0, 0, 0, 0, 0, 0, 0, 0, 0, 0, 0, 0, 0, 0, 0, 0]",0
Central Library,Bexley,51.45547478,0.145384246,https://arena.yourlondonlibrary.net/web/bexley/central-library,10,"['child', 'children', 'kid', 'kids', 'baby', 'babies', 'family', 'families', 'play', 'rhyme', 'rhymes', 'toy', 'toys', 'craft', 'nursery', 'daycare']","[0, 0, 0, 0, 0, 0, 0, 0, 0, 0, 0, 0, 0, 0, 0, 0]",0
Lewisham Library,Lewisham,51.45875667,-0.010065265,https://www.lewisham.gov.uk/myservices/libraries/branches/Pages/Lewisham-Library.aspx,,"['child', 'children', 'kid', 'kids', 'baby', 'babies', 'family', 'families', 'play', 'rhyme', 'rhymes', 'toy', 'toys', 'craft', 'nursery', 'daycare']","[0, 0, 0, 0, 0, 0, 0, 0, 0, 0, 0, 0, 0, 0, 0, 0]",0
Carnegie library (Herne Hill),Lambeth,51.46026675,-0.09500123,https://www.lambeth.gov.uk/places/carnegie-library,,"['child', 'children', 'kid', 'kids', 'baby', 'babies', 'family', 'families', 'play', 'rhyme', 'rhymes', 'toy', 'toys', 'craft', 'nursery', 'daycare']","[0, 0, 0, 0, 0, 0, 0, 0, 0, 0, 0, 0, 0, 0, 0, 0]",0
Brixton,Lambeth,51.46058716,-0.113142886,https://www.lambeth.gov.uk/libraries-0/brixton-tate-library,,"['child', 'children', 'kid', 'kids', 'baby', 'babies', 'family', 'families', 'play', 'rhyme', 'rhymes', 'toy', 'toys', 'craft', 'nursery', 'daycare']","[3, 3, 0, 0, 0, 0, 0, 0, 0, 0, 0, 0, 0, 0, 0, 0]",6
Grove Vale Library,Southwark,51.46109982,-0.077718332,https://www.southwark.gov.uk/libraries/find-a-library?chapter=8#,,,,5
Clapham,Lambeth,51.46259073,-0.132070789,https://www.lambeth.gov.uk/libraries-0/clapham-library,,,,3
East Sheen,Richmond upon Thames,51.46489979,-0.266021105,https://www.richmond.gov.uk/east_sheen_library,,,,
Battersea Library,Wandsworth,51.46351276,-0.162566274,http://www.better.org.uk/areas/wandsworth/venues/battersea-library,,"['child', 'children', 'kid', 'kids', 'baby', 'babies', 'family', 'families', 'play', 'rhyme', 'rhymes', 'toy', 'toys', 'craft', 'nursery', 'daycare']","[0, 0, 0, 0, 0, 0, 0, 0, 0, 0, 0, 0, 0, 0, 0, 0]",0
Isleworth Library,Hounslow,51.46639803,-0.328555858,https://www.hounslow.gov.uk/directory_record/2985/isleworth_library,,,,3
Hounslow Library,Hounslow,51.4676225,-0.361468633,https://libraryon.org/library/E09000018/Hounslow-Library?id=2368,,,,
Beavers Library,Hounslow,51.46972705,-0.394852683,https://www.hounslow.gov.uk/directory_record/2976/beavers_library,,,,2
York Gardens Library,Wandsworth,51.46671069,-0.176145747,http://www.better.org.uk/areas/wandsworth/venues/york-gardens-library,,"['child', 'children', 'kid', 'kids', 'baby', 'babies', 'family', 'families', 'play', 'rhyme', 'rhymes', 'toy', 'toys', 'craft', 'nursery', 'daycare']","[0, 0, 0, 0, 0, 0, 0, 0, 0, 0, 0, 0, 0, 0, 0, 0]",0
Welling Library,Bexley,51.46201211,0.107780415,https://arena.yourlondonlibrary.net/web/bexley/welling-library,18,"['child', 'children', 'kid', 'kids', 'baby', 'babies', 'family', 'families', 'play', 'rhyme', 'rhymes', 'toy', 'toys', 'craft', 'nursery', 'daycare']","[0, 0, 0, 0, 0, 0, 0, 0, 0, 0, 0, 0, 0, 0, 0, 0]",0
Hurlingham and Chelsea School and Community Library ,Hammersmith and Fulham,51.46730717,-0.194927408,https://www.thehurlinghamacademy.org.uk/library,,,,
Nunhead Library,Southwark,51.46527339,-0.058104468,https://selmind.org.uk/directory/nunhead-library-southwark/,,,,1
Blackheath Village community library service,Greenwich,51.46567918,0.011172244,https://www.age-exchange.org.uk/whats-on-now/,12,,,
Minet,Lambeth,51.47077924,-0.103808424,https://www.lambeth.gov.uk/libraries-0/minet-library,,"['child', 'children', 'kid', 'kids', 'baby', 'babies', 'family', 'families', 'play', 'rhyme', 'rhymes', 'toy', 'toys', 'craft', 'nursery', 'daycare']","[0, 0, 0, 0, 0, 0, 0, 0, 0, 0, 0, 0, 0, 0, 0, 0]",0
Battersea Park Library,Wandsworth,51.47387352,-0.152846626,http://www.better.org.uk/library/london/wandsworth/battersea-park-library,,"['child', 'children', 'kid', 'kids', 'baby', 'babies', 'family', 'families', 'play', 'rhyme', 'rhymes', 'toy', 'toys', 'craft', 'nursery', 'daycare']","[0, 0, 0, 0, 0, 0, 0, 0, 0, 0, 0, 0, 0, 0, 0, 0]",0
Cranford Library,Hounslow,51.47764106,-0.404892845,https://www.hounslow.gov.uk/directory_record/2980/cranford_library,,,,2
Kew,Richmond upon Thames,51.47599683,-0.283069715,https://richmond.gov.uk/kew_library,,,,
Peckham Library,Southwark,51.47386908,-0.067762882,https://www.southwark.gov.uk/libraries/find-a-library?chapter=12#,,,,4
Fulham,Hammersmith and Fulham,51.47675544,-0.201107392,https://www.lbhf.gov.uk/libraries/find-your-library/fulham-library,,"['child', 'children', 'kid', 'kids', 'baby', 'babies', 'family', 'families', 'play', 'rhyme', 'rhymes', 'toy', 'toys', 'craft', 'nursery', 'daycare']","[1, 1, 0, 0, 1, 0, 0, 0, 0, 0, 0, 0, 0, 0, 0, 0]",3
Camberwell Library,Southwark,51.47531156,-0.091033138,https://www.southwark.gov.uk/libraries/find-a-library?chapter=4#,,,,3
New Cross community library service,Lewisham,51.47500522,-0.03708193,https://lewisham.gov.uk/myservices/libraries/branches/new-cross-community-library-service,,,,
North Heath Community Library,Bexley,51.47278049,0.162930989,https://arena.yourlondonlibrary.net/web/bexley/north-heath-library,,"['child', 'children', 'kid', 'kids', 'baby', 'babies', 'family', 'families', 'play', 'rhyme', 'rhymes', 'toy', 'toys', 'craft', 'nursery', 'daycare']","[0, 0, 0, 0, 0, 0, 0, 0, 0, 0, 0, 0, 0, 0, 0, 0]",0
Castelnau,Richmond upon Thames,51.47975012,-0.23601797,https://richmond.gov.uk/castelnau_library,,,,
Slade Green Community Library,Bexley,51.47260377,0.192596225,https://arena.yourlondonlibrary.net/web/bexley/slade-green-community-library,,"['child', 'children', 'kid', 'kids', 'baby', 'babies', 'family', 'families', 'play', 'rhyme', 'rhymes', 'toy', 'toys', 'craft', 'nursery', 'daycare']","[0, 0, 0, 0, 0, 0, 0, 0, 0, 0, 0, 0, 0, 0, 0, 0]",0
Osterley Library,Hounslow,51.48182162,-0.344332814,https://www.hounslow.gov.uk/directory_record/2986/osterley_library,,,,2
Tate South Lambeth,Lambeth,51.47868673,-0.122377153,https://www.lambeth.gov.uk/libraries-0/tate-south-lambeth-library,,,,2
The Library at Deptford Lounge,Lewisham,51.4771916,-0.022686192,https://deptfordlounge.org.uk,16,,,8
Blackheath Library,Greenwich,51.47646341,0.02315429,http://www.better.org.uk/areas/greenwich/venues/blackheath-library,,"['child', 'children', 'kid', 'kids', 'baby', 'babies', 'family', 'families', 'play', 'rhyme', 'rhymes', 'toy', 'toys', 'craft', 'nursery', 'daycare']","[0, 0, 0, 0, 0, 0, 0, 0, 0, 0, 0, 0, 0, 0, 0, 0]",0
West Greenwich Library,Greenwich,51.47748419,-0.009682215,http://www.better.org.uk/areas/greenwich/venues/west-greenwich-library,,"['child', 'children', 'kid', 'kids', 'baby', 'babies', 'family', 'families', 'play', 'rhyme', 'rhymes', 'toy', 'toys', 'craft', 'nursery', 'daycare']","[0, 0, 0, 0, 0, 0, 0, 0, 0, 0, 0, 0, 0, 0, 0, 0]",0
Bostall Community Library,Bexley,51.47518169,0.131517747,https://arena.yourlondonlibrary.net/web/bexley/bostall-library,,"['child', 'children', 'kid', 'kids', 'baby', 'babies', 'family', 'families', 'play', 'rhyme', 'rhymes', 'toy', 'toys', 'craft', 'nursery', 'daycare']","[0, 0, 0, 0, 0, 0, 0, 0, 0, 0, 0, 0, 0, 0, 0, 0]",0
Heston Library,Hounslow,51.4853629,-0.373872389,https://www.hounslow.gov.uk/directory_record/2983/heston_library,,,,2
Brandon Library,Southwark,51.4822063,-0.101346625,https://www.southwark.gov.uk/libraries/find-a-library?chapter=3#,,,,2
Charlton Library,Greenwich,51.47996113,0.038778646,http://www.better.org.uk/areas/greenwich/venues/charlton-house-library,,"['child', 'children', 'kid', 'kids', 'baby', 'babies', 'family', 'families', 'play', 'rhyme', 'rhymes', 'toy', 'toys', 'craft', 'nursery', 'daycare']","[0, 0, 0, 0, 0, 0, 0, 0, 0, 0, 0, 0, 0, 0, 0, 0]",0
Brentford Library ,Hounslow,51.48610093,-0.306007544,https://www.hounslow.gov.uk/directory_record/2978/brentford_library,,"['child', 'children', 'kid', 'kids', 'baby', 'babies', 'family', 'families', 'play', 'rhyme', 'rhymes', 'toy', 'toys', 'craft', 'nursery', 'daycare']","[0, 0, 0, 0, 0, 0, 0, 0, 0, 0, 0, 0, 0, 0, 0, 0]",0
Erith Library,Bexley,51.47860538,0.182997078,https://arena.yourlondonlibrary.net/web/bexley/-/erith-library#/?location=Erith%20Library,14,,,
Chelsea Library,Kensington and Chelsea,51.48695911,-0.166593622,https://www.rbkc.gov.uk/libraries/your-library/find-library/chelsea-library,,"['child', 'children', 'kid', 'kids', 'baby', 'babies', 'family', 'families', 'play', 'rhyme', 'rhymes', 'toy', 'toys', 'craft', 'nursery', 'daycare']","[2, 2, 0, 0, 0, 0, 0, 0, 0, 0, 0, 0, 0, 0, 0, 0]",4
Greenwich Centre Library,Greenwich,51.48507784,0.009978276,http://www.better.org.uk/areas/greenwich/venues/greenwich-centre-library,,"['child', 'children', 'kid', 'kids', 'baby', 'babies', 'family', 'families', 'play', 'rhyme', 'rhymes', 'toy', 'toys', 'craft', 'nursery', 'daycare']","[0, 0, 0, 0, 0, 0, 0, 0, 0, 0, 0, 0, 0, 0, 0, 0]",0
Pimlico Library,Westminster,51.48766566,-0.135592046,https://www.westminster.gov.uk/leisure-libraries-and-community/library-opening-times-and-contact-details/pimlico-library,,,,
Upper Belvedere Community Library,Bexley,51.4834101,0.14685388,https://arena.yourlondonlibrary.net/web/bexley/upper-belvedere-library,,"['child', 'children', 'kid', 'kids', 'baby', 'babies', 'family', 'families', 'play', 'rhyme', 'rhymes', 'toy', 'toys', 'craft', 'nursery', 'daycare']","[0, 0, 0, 0, 0, 0, 0, 0, 0, 0, 0, 0, 0, 0, 0, 0]",0
Durning,Lambeth,51.48827569,-0.108499154,https://www.lambeth.gov.uk/libraries-0/durning-library,,"['child', 'children', 'kid', 'kids', 'baby', 'babies', 'family', 'families', 'play', 'rhyme', 'rhymes', 'toy', 'toys', 'craft', 'nursery', 'daycare']","[0, 0, 0, 0, 0, 0, 0, 0, 0, 0, 0, 0, 0, 0, 0, 0]",0
Brompton Library,Kensington and Chelsea,51.48956716,-0.186830684,https://www.rbkc.gov.uk/libraries-0/libraries-and-room-hire/brompton-library,,"['child', 'children', 'kid', 'kids', 'baby', 'babies', 'family', 'families', 'play', 'rhyme', 'rhymes', 'toy', 'toys', 'craft', 'nursery', 'daycare']","[1, 1, 0, 0, 0, 0, 0, 0, 0, 0, 0, 0, 0, 0, 0, 0]",2
Chiswick Library,Hounslow,51.49118486,-0.259517611,https://www.hounslow.gov.uk/directory_record/2979/chiswick_library,,"['child', 'children', 'kid', 'kids', 'baby', 'babies', 'family', 'families', 'play', 'rhyme', 'rhymes', 'toy', 'toys', 'craft', 'nursery', 'daycare']","[0, 0, 0, 0, 0, 0, 0, 0, 0, 0, 0, 0, 0, 0, 0, 0]",0
Plumstead Library,Greenwich,51.48585252,0.097888361,https://www.better.org.uk/library/london/greenwich/plumstead-library,,"['child', 'children', 'kid', 'kids', 'baby', 'babies', 'family', 'families', 'play', 'rhyme', 'rhymes', 'toy', 'toys', 'craft', 'nursery', 'daycare']","[0, 0, 0, 0, 0, 0, 0, 0, 0, 0, 0, 0, 0, 0, 0, 0]",0
Avonmore Library and Neighbourhood Centre,Hammersmith and Fulham,51.49206749,-0.205547084,https://www.lbhf.gov.uk/libraries/find-your-library/avonmore-library-and-neighbourhood-centre,,,,
Pepys community library service,Lewisham,51.48930584,-0.029077129,https://pepyscommunitylibrary.tumblr.com/about,,,,
East Street Library,Southwark,51.49038632,-0.080102591,https://www.southwark.gov.uk/libraries/find-a-library?chapter=7#,,,,1
Woolwich Library,Greenwich,51.48875521,0.067021338,http://www.better.org.uk/areas/greenwich/venues/woolwich-library,,"['child', 'children', 'kid', 'kids', 'baby', 'babies', 'family', 'families', 'play', 'rhyme', 'rhymes', 'toy', 'toys', 'craft', 'nursery', 'daycare']","[0, 0, 0, 0, 0, 0, 0, 0, 0, 0, 0, 0, 0, 0, 0, 0]",0
Victoria Library,Westminster,51.49239532,-0.146262996,https://www.westminster.gov.uk/leisure-libraries-and-community/library-opening-times-and-contact-details/victoria-library,,"['child', 'children', 'kid', 'kids', 'baby', 'babies', 'family', 'families', 'play', 'rhyme', 'rhymes', 'toy', 'toys', 'craft', 'nursery', 'daycare']","[2, 2, 0, 0, 0, 0, 0, 0, 0, 0, 0, 0, 0, 0, 0, 0]",4
Harlington Library,Hillingdon,51.49708916,-0.434933798,https://libraryon.org/library/E09000017/Harlington-Library?id=2347,,,,
Hammersmith,Hammersmith and Fulham,51.4940733,-0.222094745,https://www.lbhf.gov.uk/libraries/find-your-library/hammersmith-library,,"['child', 'children', 'kid', 'kids', 'baby', 'babies', 'family', 'families', 'play', 'rhyme', 'rhymes', 'toy', 'toys', 'craft', 'nursery', 'daycare']","[0, 0, 0, 0, 1, 0, 0, 0, 0, 0, 0, 0, 0, 0, 0, 0]",1
Blue Anchor Library,Southwark,51.49237424,-0.062081863,https://www.southwark.gov.uk/libraries/find-a-library?chapter=2#,,,,8
Northfields Library,Ealing,51.49852209,-0.312582853,https://www.ealing.gov.uk/info/201241/find_your_library/2399/northfields_community_library,,"['child', 'children', 'kid', 'kids', 'baby', 'babies', 'family', 'families', 'play', 'rhyme', 'rhymes', 'toy', 'toys', 'craft', 'nursery', 'daycare']","[0, 0, 0, 0, 0, 0, 0, 0, 0, 0, 0, 0, 0, 0, 0, 0]",0
Abbey Wood Library,Greenwich,51.49324188,0.111800593,http://www.better.org.uk/venues/abbey-wood-library,,"['child', 'children', 'kid', 'kids', 'baby', 'babies', 'family', 'families', 'play', 'rhyme', 'rhymes', 'toy', 'toys', 'craft', 'nursery', 'daycare']","[0, 0, 0, 0, 0, 0, 0, 0, 0, 0, 0, 0, 0, 0, 0, 0]",0
Cubitt Town library,Tower Hamlets,51.49546216,-0.010181399,https://www.ideastore.co.uk/visit-us/cubitt-town-library,,,,2
Waterloo,Lambeth,51.49766755,-0.110329276,https://libraries.lambeth.gov.uk/-/waterloo-library,,,,
Canada Water Library,Southwark,51.49729578,-0.047564977,https://www.southwark.gov.uk/libraries/find-a-library?chapter=5#,,,,9
Southall Library (Dominion Centre and Library),Ealing,51.50287467,-0.377570641,https://www.ealing.gov.uk/info/201241/find_your_library/2404/southall_library_and_dominion_centre,,,,
Kensington Central Library,Kensington and Chelsea,51.50090763,-0.19283156,https://www.rbkc.gov.uk/libraries-0/libraries-and-room-hire/kensington-central-library,,"['child', 'children', 'kid', 'kids', 'baby', 'babies', 'family', 'families', 'play', 'rhyme', 'rhymes', 'toy', 'toys', 'craft', 'nursery', 'daycare']","[1, 1, 0, 0, 0, 0, 0, 0, 0, 0, 0, 0, 0, 0, 0, 0]",2
West Drayton Library,Hillingdon,51.50520608,-0.468693946,https://www.hillingdon.gov.uk/westdraytonlibrary,,,,1
Askew Road,Hammersmith and Fulham,51.50317005,-0.24146864,https://www.lbhf.gov.uk/libraries/find-your-library/askew-road-library,,,,2
John Harvard Library,Southwark,51.50125566,-0.09032367,https://www.southwark.gov.uk/libraries/find-a-library?chapter=9#,,,,1
Botwell Green Library,Hillingdon,51.50797249,-0.416286829,https://www.hillingdon.gov.uk/botwellgreenlibrary,,,,
Acton Town Hall Library,Ealing,51.50589642,-0.26632407,https://www.ealing.gov.uk/info/201241/find_your_library/2395/acton_town_hall_library,,"['child', 'children', 'kid', 'kids', 'baby', 'babies', 'family', 'families', 'play', 'rhyme', 'rhymes', 'toy', 'toys', 'craft', 'nursery', 'daycare']","[0, 0, 0, 0, 0, 0, 0, 0, 0, 0, 0, 0, 0, 0, 0, 0]",0
North Woolwich Library,Newham,51.50055166,0.064267038,https://www.newham.gov.uk/Pages/ServiceChild/North-Woolwich-Library.aspx,,"['child', 'children', 'kid', 'kids', 'baby', 'babies', 'family', 'families', 'play', 'rhyme', 'rhymes', 'toy', 'toys', 'craft', 'nursery', 'daycare']","[0, 0, 0, 0, 0, 0, 0, 0, 0, 0, 0, 0, 0, 0, 0, 0]",0
Thamesmead Library,Bexley,51.49981378,0.124208362,https://arena.yourlondonlibrary.net/web/bexley/thamesmead-library,13,"['child', 'children', 'kid', 'kids', 'baby', 'babies', 'family', 'families', 'play', 'rhyme', 'rhymes', 'toy', 'toys', 'craft', 'nursery', 'daycare']","[0, 0, 0, 0, 0, 0, 0, 0, 0, 0, 0, 0, 0, 0, 0, 0]",0
Idea Store Canary Wharf,Tower Hamlets,51.50390566,-0.013173491,https://www.ideastore.co.uk/visit-us/idea-store-canary-wharf,,,,5
West Ealing Library,Ealing,51.50898637,-0.322962116,https://www.ealing.gov.uk/info/201241/find_your_library/2406/west_ealing_community_library,,"['child', 'children', 'kid', 'kids', 'baby', 'babies', 'family', 'families', 'play', 'rhyme', 'rhymes', 'toy', 'toys', 'craft', 'nursery', 'daycare']","[0, 0, 0, 0, 0, 0, 0, 0, 0, 0, 0, 0, 0, 0, 0, 0]",0
Hanwell Library,Ealing,51.50942108,-0.334533647,https://www.ealing.gov.uk/info/201241/find_your_library/2397/hanwell_community_library,,"['child', 'children', 'kid', 'kids', 'baby', 'babies', 'family', 'families', 'play', 'rhyme', 'rhymes', 'toy', 'toys', 'craft', 'nursery', 'daycare']","[0, 0, 0, 0, 0, 0, 0, 0, 0, 0, 0, 0, 0, 0, 0, 0]",0
Mayfair Library,Westminster,51.50886039,-0.14954367,https://www.westminster.gov.uk/leisure-libraries-and-community/libraries/mayfair-library,,,,6
Ealing Central Library,Ealing,51.51182412,-0.300805858,https://www.ealing.gov.uk/info/201241/find_your_library/2386/ealing_central_library,,"['child', 'children', 'kid', 'kids', 'baby', 'babies', 'family', 'families', 'play', 'rhyme', 'rhymes', 'toy', 'toys', 'craft', 'nursery', 'daycare']","[0, 0, 0, 0, 0, 0, 0, 0, 0, 0, 0, 0, 0, 0, 0, 0]",0
Yiewsley Library,Hillingdon,51.51464462,-0.472499744,https://www.hillingdon.gov.uk/yiewsleylibrary,,,,3
Notting Hill Gate Library,Kensington and Chelsea,51.51076859,-0.195818555,https://www.rbkc.gov.uk/libraries-0/libraries-and-room-hire/notting-hill-gate-library,,"['child', 'children', 'kid', 'kids', 'baby', 'babies', 'family', 'families', 'play', 'rhyme', 'rhymes', 'toy', 'toys', 'craft', 'nursery', 'daycare']","[1, 1, 0, 0, 0, 0, 0, 0, 0, 0, 0, 0, 0, 0, 0, 0]",2
Charing Cross Library,Westminster,51.50976289,-0.126518762,https://www.westminster.gov.uk/leisure-libraries-and-community/libraries/charing-cross-library,,,,
Thamesmere Library,Greenwich,51.50721776,0.110795098,http://www.better.org.uk/areas/greenwich/venues/thamesmere-library,,"['child', 'children', 'kid', 'kids', 'baby', 'babies', 'family', 'families', 'play', 'rhyme', 'rhymes', 'toy', 'toys', 'craft', 'nursery', 'daycare']","[0, 0, 0, 0, 0, 0, 0, 0, 0, 0, 0, 0, 0, 0, 0, 0]",0
Idea Store Chrisp Street,Tower Hamlets,51.51105004,-0.012858142,https://www.ideastore.co.uk/visit-us/idea-store-chrisp-street,,,,5
North Kensington Library,Kensington and Chelsea,51.51615689,-0.207627437,https://www.rbkc.gov.uk/libraries-0/libraries-and-room-hire/north-kensington-library,,,,1
Idea Store Watney Market,Tower Hamlets,51.51382558,-0.055650795,https://www.ideastore.co.uk/visit-us/idea-store-watney-market,,,,3
Shoe Lane,City of London,51.51492977,-0.104973389,https://www.cityoflondon.gov.uk/services/libraries/shoe-lane-library,,"['child', 'children', 'kid', 'kids', 'baby', 'babies', 'family', 'families', 'play', 'rhyme', 'rhymes', 'toy', 'toys', 'craft', 'nursery', 'daycare']","[2, 2, 0, 0, 0, 0, 0, 0, 0, 0, 0, 0, 0, 0, 0, 0]",4
Paddington Library,Westminster,51.5169107,-0.187042195,https://www.westminster.gov.uk/leisure-libraries-and-community/libraries/paddington-library,,,,4
Artizan Street,City of London,51.51514611,-0.075183973,https://www.cityoflondon.gov.uk/services/libraries/artizan-street-library,,"['child', 'children', 'kid', 'kids', 'baby', 'babies', 'family', 'families', 'play', 'rhyme', 'rhymes', 'toy', 'toys', 'craft', 'nursery', 'daycare']","[1, 1, 0, 0, 0, 0, 0, 0, 0, 0, 0, 0, 0, 1, 0, 0]",3
Guildhall Library and City Business Library,City of London,51.51556142,-0.091238833,https://www.fis.cityoflondon.gov.uk/directory/city-business-library,,"['child', 'children', 'kid', 'kids', 'baby', 'babies', 'family', 'families', 'play', 'rhyme', 'rhymes', 'toy', 'toys', 'craft', 'nursery', 'daycare']","[1, 1, 0, 0, 0, 0, 0, 0, 0, 0, 0, 0, 0, 0, 0, 0]",2
Yeading Library,Hillingdon,51.52036818,-0.402580015,https://www.hillingdon.gov.uk/yeadinglibrary,6,,,
Jubilee Gardens Library,Ealing,51.52072747,-0.367926306,https://www.ealing.gov.uk/info/201241/find_your_library/2398/jubilee_gardens_library,,"['child', 'children', 'kid', 'kids', 'baby', 'babies', 'family', 'families', 'play', 'rhyme', 'rhymes', 'toy', 'toys', 'craft', 'nursery', 'daycare']","[0, 0, 0, 0, 0, 0, 0, 0, 0, 0, 0, 0, 0, 0, 0, 0]",0
Custom House Library,Newham,51.51466945,0.033005735,https://www.newham.gov.uk/Pages/ServiceChild/Custom-House-Library.aspx,,"['child', 'children', 'kid', 'kids', 'baby', 'babies', 'family', 'families', 'play', 'rhyme', 'rhymes', 'toy', 'toys', 'craft', 'nursery', 'daycare']","[0, 0, 0, 0, 0, 0, 0, 0, 0, 0, 0, 0, 0, 0, 0, 0]",0
Beckton Library,Newham,51.51452083,0.056999433,https://www.newham.gov.uk/Pages/ServiceChild/Beckton-Library.aspx,,"['child', 'children', 'kid', 'kids', 'baby', 'babies', 'family', 'families', 'play', 'rhyme', 'rhymes', 'toy', 'toys', 'craft', 'nursery', 'daycare']","[0, 0, 0, 0, 0, 0, 0, 0, 0, 0, 0, 0, 0, 0, 0, 0]",0
Canning Town Library,Newham,51.5168551,0.012662185,https://libraryon.org/library/E09000025/Canning-Town-Library?id=605,,,,
Marylebone Library,Westminster,51.52012163,-0.149058338,https://www.westminster.gov.uk/leisure-libraries-and-community/library-opening-times-and-contact-details/marylebone-library,,,,
Barbican,City of London,51.51944948,-0.092517837,https://www.barbican.org.uk/your-visit/during-your-visit/library,,"['child', 'children', 'kid', 'kids', 'baby', 'babies', 'family', 'families', 'play', 'rhyme', 'rhymes', 'toy', 'toys', 'craft', 'nursery', 'daycare']","[2, 2, 1, 1, 0, 0, 0, 0, 0, 0, 0, 0, 0, 0, 0, 0]",6
Idea Store Whitechapel,Tower Hamlets,51.51927063,-0.056427971,https://www.ideastore.co.uk/visit-us/idea-store-whitechapel,,,,4
Holborn Library,Camden,51.52067122,-0.11412,https://www.camden.gov.uk/holborn-library,,"['child', 'children', 'kid', 'kids', 'baby', 'babies', 'family', 'families', 'play', 'rhyme', 'rhymes', 'toy', 'toys', 'craft', 'nursery', 'daycare']","[0, 0, 0, 0, 0, 0, 0, 0, 0, 0, 0, 0, 0, 0, 0, 0]",0
Hayes End Library,Hillingdon,51.52547573,-0.434551689,https://www.hillingdon.gov.uk/hayesendlibrary,,,,6
Little Venice Sports Centre Library,Westminster,51.52203057,-0.175608347,https://www.westminster.gov.uk/library-opening-times-and-contact-details/little-venice-sports-centre-library,,,,
Church Street Library,Westminster,51.52252362,-0.168582114,https://www.westminster.gov.uk/library-opening-times-and-contact-details/leisure-libraries-and-community/church-street-library,,,,
Kensal Library,Kensington and Chelsea,51.52333382,-0.205283983,https://kensalriselibrary.org,6,,,8
Rainham Library,Havering,51.51675181,0.192670878,https://www.medway.gov.uk/rainhamlibrary,,,,
Pitshanger Library,Ealing,51.52539097,-0.31235373,https://www.ealing.gov.uk/info/201241/find_your_library/2403/pitshanger_library,,"['child', 'children', 'kid', 'kids', 'baby', 'babies', 'family', 'families', 'play', 'rhyme', 'rhymes', 'toy', 'toys', 'craft', 'nursery', 'daycare']","[0, 0, 0, 0, 0, 0, 0, 0, 0, 0, 0, 0, 0, 0, 0, 0]",0
Maida Vale Library,Westminster,51.52416055,-0.188859128,https://www.westminster.gov.uk/leisure-libraries-and-community/libraries/maida-vale-library,4,,,7
Local History Library,Tower Hamlets,51.52330884,-0.040757515,https://www.ideastore.co.uk/our-services/children-and-families,18,,,
Queen's Park library,Kensington and Chelsea,51.52651654,-0.209340014,https://www.westminster.gov.uk/leisure-libraries-and-community/library-opening-times-and-contact-details/queens-park-library,,,,
Greenford Library,Ealing,51.52930578,-0.353676795,https://www.ealing.gov.uk/info/201241/find_your_library/2396/greenford_library,,"['child', 'children', 'kid', 'kids', 'baby', 'babies', 'family', 'families', 'play', 'rhyme', 'rhymes', 'toy', 'toys', 'craft', 'nursery', 'daycare']","[0, 0, 0, 0, 0, 0, 0, 0, 0, 0, 0, 0, 0, 0, 0, 0]",0
Finsbury Library,Islington,51.52597704,-0.102943118,https://www.islington.gov.uk/libraries-arts-and-heritage/libraries/your-local-libraries/finsbury-library,4,,,
Bethnal Green library,Tower Hamlets,51.52592691,-0.052150698,https://www.towerhamlets.gov.uk/lgnl/community_and_living/halls_for_hire/Bethnal_Green_Library.aspx,,,,
Charville Library,Hillingdon,51.53458782,-0.425961931,https://www.hillingdon.gov.uk/article/2879/Charville-Library,10,,,
Shoreditch Library,Hackney,51.52992914,-0.078323828,https://hackney.gov.uk/shoreditch-library,,"['child', 'children', 'kid', 'kids', 'baby', 'babies', 'family', 'families', 'play', 'rhyme', 'rhymes', 'toy', 'toys', 'craft', 'nursery', 'daycare']","[0, 0, 0, 0, 0, 0, 0, 7, 0, 0, 0, 0, 0, 0, 0, 0]",7
Thames View,Barking and Dagenham,51.52735487,0.106154673,https://www.lbbd.gov.uk/libraries-and-local-history/our-libraries/library-opening-times-and-information/thames-community,,,,
Plaistow Library,Newham,51.52918631,0.027235955,https://libraries.newham.gov.uk/digital-content/libraries/find-a-library/plaistow-library,,,,
St John's Wood Library,Westminster,51.53323428,-0.17084876,https://www.westminster.gov.uk/leisure-libraries-and-community/libraries/st-johns-wood-library,12,,,9
Pancras Square Library,Camden,51.53331656,-0.124801847,https://www.camden.gov.uk/pancras-square-library,,"['child', 'children', 'kid', 'kids', 'baby', 'babies', 'family', 'families', 'play', 'rhyme', 'rhymes', 'toy', 'toys', 'craft', 'nursery', 'daycare']","[0, 0, 0, 0, 0, 0, 0, 0, 0, 0, 0, 0, 0, 0, 0, 0]",0
Camden Town Library,Camden,51.53374045,-0.136162072,https://www.camden.gov.uk/camden-town-library,,"['child', 'children', 'kid', 'kids', 'baby', 'babies', 'family', 'families', 'play', 'rhyme', 'rhymes', 'toy', 'toys', 'craft', 'nursery', 'daycare']","[0, 0, 0, 0, 0, 0, 0, 0, 0, 0, 0, 0, 0, 0, 0, 0]",0
Idea Store Bow,Tower Hamlets,51.53204897,-0.028312673,http://www.ideastore.co.uk,,"['child', 'children', 'kid', 'kids', 'baby', 'babies', 'family', 'families', 'play', 'rhyme', 'rhymes', 'toy', 'toys', 'craft', 'nursery', 'daycare']","[92, 78, 0, 0, 0, 13, 68, 3, 70, 0, 0, 6, 6, 20, 0, 0]",356
East Ham Library,Newham,51.5317699,0.057056061,https://libraryon.org/library/E09000025/East-Ham-Library?id=518,,,,
Kilburn Library Centre,Camden,51.53588068,-0.189547539,https://www.camden.gov.uk/kilburn-library,,"['child', 'children', 'kid', 'kids', 'baby', 'babies', 'family', 'families', 'play', 'rhyme', 'rhymes', 'toy', 'toys', 'craft', 'nursery', 'daycare']","[0, 0, 0, 0, 0, 0, 0, 0, 0, 0, 0, 0, 0, 0, 0, 0]",0
South Hornchurch Library,Havering,51.52970163,0.18917753,https://www.havering.gov.uk/libraries-2/library-locations/9,6,,,4
Northolt Library,Ealing,51.53913239,-0.383852769,https://www.ealing.gov.uk/info/201241/find_your_library/2401/northolt_library,,"['child', 'children', 'kid', 'kids', 'baby', 'babies', 'family', 'families', 'play', 'rhyme', 'rhymes', 'toy', 'toys', 'craft', 'nursery', 'daycare']","[0, 0, 0, 0, 0, 0, 0, 0, 0, 0, 0, 0, 0, 0, 0, 0]",0
Harlesden,Brent,51.53817576,-0.248902211,https://libraries.brent.gov.uk/digital-content/brent-libraries/harlesden-library-plus,,,,
Oak Farm Library,Hillingdon,51.54105794,-0.448540066,https://www.hillingdon.gov.uk/oakfarmlibrary,4,,,2
Lewis Carroll Children's Library,Islington,51.53656146,-0.115712865,https://www.islington.gov.uk/libraries-arts-and-heritage/libraries/your-local-libraries/lewis-carroll-library,4,,,1
Perivale Library,Ealing,51.54009645,-0.32248201,https://www.ealing.gov.uk/info/201241/find_your_library/2402/perivale_community_library,,"['child', 'children', 'kid', 'kids', 'baby', 'babies', 'family', 'families', 'play', 'rhyme', 'rhymes', 'toy', 'toys', 'craft', 'nursery', 'daycare']","[0, 0, 0, 0, 0, 0, 0, 0, 0, 0, 0, 0, 0, 0, 0, 0]",0
Green Street Library,Newham,51.53588095,0.036907327,https://www.newham.gov.uk/Pages/ServiceChild/Green-Street-Library.aspx,,"['child', 'children', 'kid', 'kids', 'baby', 'babies', 'family', 'families', 'play', 'rhyme', 'rhymes', 'toy', 'toys', 'craft', 'nursery', 'daycare']","[0, 0, 0, 0, 0, 0, 0, 0, 0, 0, 0, 0, 0, 0, 0, 0]",0
South Library,Islington,51.53852804,-0.097142753,https://www.islington.gov.uk/libraries-arts-and-heritage/libraries/your-local-libraries/south-library,,,,
Barking,Barking and Dagenham,51.5358099,0.081422904,https://www.lbbd.gov.uk/libraries-and-local-history/our-libraries/library-opening-times-and-information/barking-learning,10,,,1
Uxbridge Library,Hillingdon,51.54468289,-0.47672958,https://www.hillingdon.gov.uk/uxbridgelibrary,10,,,6
Chalk Farm (now Primrose Hill Community Library),Camden,51.54063196,-0.15509123,https://www.phcl.org,,,,
West Library,Islington,51.54023085,-0.114594977,https://www.islington.gov.uk/libraries-arts-and-heritage/libraries/your-local-libraries/west-library,,,,
Swiss Cottage Library,Camden,51.54178129,-0.171630986,https://www.camden.gov.uk/swiss-cottage-library,,"['child', 'children', 'kid', 'kids', 'baby', 'babies', 'family', 'families', 'play', 'rhyme', 'rhymes', 'toy', 'toys', 'craft', 'nursery', 'daycare']","[0, 0, 0, 0, 0, 0, 0, 0, 0, 0, 0, 0, 0, 0, 0, 0]",0
Stratford Library,Newham,51.54226038,0.005951316,https://www.newham.gov.uk/Pages/ServiceChild/Stratford-Library.aspx,,"['child', 'children', 'kid', 'kids', 'baby', 'babies', 'family', 'families', 'play', 'rhyme', 'rhymes', 'toy', 'toys', 'craft', 'nursery', 'daycare']","[0, 0, 0, 0, 0, 0, 0, 0, 0, 0, 0, 0, 0, 0, 0, 0]",0
Willesden Green,Brent,51.54614396,-0.22734961,https://www.brent.gov.uk/libraries-arts-and-heritage/libraries/the-library-at-willesden-green,,"['child', 'children', 'kid', 'kids', 'baby', 'babies', 'family', 'families', 'play', 'rhyme', 'rhymes', 'toy', 'toys', 'craft', 'nursery', 'daycare']","[0, 0, 0, 0, 0, 0, 0, 0, 0, 0, 0, 0, 0, 0, 0, 0]",0
Dagenham,Barking and Dagenham,51.53986885,0.150073004,https://www.lbbd.gov.uk/libraries-and-local-history/our-libraries/library-opening-times-and-information/dagenham-learning,,,,
Northolt Leisure Centre Library,Ealing,51.54839666,-0.366920507,https://www.ealing.gov.uk/info/201241/find_your_library/2400/northolt_leisure_centre_library,,"['child', 'children', 'kid', 'kids', 'baby', 'babies', 'family', 'families', 'play', 'rhyme', 'rhymes', 'toy', 'toys', 'craft', 'nursery', 'daycare']","[0, 0, 0, 0, 0, 0, 0, 0, 0, 0, 0, 0, 0, 0, 0, 0]",0
Hackney Central Library,Hackney,51.54397082,-0.054481199,https://hackney.gov.uk/hackney-central-library/,,"['child', 'children', 'kid', 'kids', 'baby', 'babies', 'family', 'families', 'play', 'rhyme', 'rhymes', 'toy', 'toys', 'craft', 'nursery', 'daycare']","[0, 0, 0, 0, 0, 0, 0, 7, 0, 0, 0, 0, 0, 0, 0, 0]",7
Dalston CLR James Library,Hackney,51.54553907,-0.072345591,http://www.hackney.gov.uk/dalston-library,,"['child', 'children', 'kid', 'kids', 'baby', 'babies', 'family', 'families', 'play', 'rhyme', 'rhymes', 'toy', 'toys', 'craft', 'nursery', 'daycare']","[0, 0, 0, 0, 0, 0, 0, 10, 0, 0, 0, 0, 0, 0, 0, 0]",10
Ealing Road,Brent,51.54902978,-0.295856874,https://www.brent.gov.uk/services-for-residents/libraries/libraries-in-brent/ealing-road-library,,"['child', 'children', 'kid', 'kids', 'baby', 'babies', 'family', 'families', 'play', 'rhyme', 'rhymes', 'toy', 'toys', 'craft', 'nursery', 'daycare']","[0, 0, 0, 0, 0, 0, 0, 0, 0, 0, 0, 0, 0, 0, 0, 0]",0
Belsize Community Library,Camden,51.5473928,-0.160674101,http://thewinch.org/belsizecommunitylibrary/,,"['child', 'children', 'kid', 'kids', 'baby', 'babies', 'family', 'families', 'play', 'rhyme', 'rhymes', 'toy', 'toys', 'craft', 'nursery', 'daycare']","[0, 0, 0, 0, 0, 0, 0, 0, 0, 0, 0, 0, 0, 0, 0, 0]",0
Mildmay Library,Islington,51.54709791,-0.082721131,https://www.islington.gov.uk/libraries-arts-and-heritage/libraries/your-local-libraries/mildmay-library,,,,
West Hampstead Library,Camden,51.54981004,-0.19003314,https://www.camden.gov.uk/west-hampstead-library,,"['child', 'children', 'kid', 'kids', 'baby', 'babies', 'family', 'families', 'play', 'rhyme', 'rhymes', 'toy', 'toys', 'craft', 'nursery', 'daycare']","[0, 0, 0, 0, 0, 0, 0, 0, 0, 0, 0, 0, 0, 0, 0, 0]",0
Barham Park,Brent,51.55167842,-0.309851801,https://barhamlibrary.tumblr.com/,,"['child', 'children', 'kid', 'kids', 'baby', 'babies', 'family', 'families', 'play', 'rhyme', 'rhymes', 'toy', 'toys', 'craft', 'nursery', 'daycare']","[0, 0, 0, 0, 0, 0, 4, 0, 2, 0, 0, 0, 0, 0, 0, 0]",6
Wood End Library,Ealing,51.55227084,-0.348289165,https://libraryon.org/library/E09000009/Wood-End-Library?id=2278,,,,
Islington Central Library,Islington,51.54872784,-0.105545308,https://www.islington.gov.uk/libraries-arts-and-heritage/libraries/your-local-libraries/central-library,,"['child', 'children', 'kid', 'kids', 'baby', 'babies', 'family', 'families', 'play', 'rhyme', 'rhymes', 'toy', 'toys', 'craft', 'nursery', 'daycare']","[0, 0, 0, 0, 0, 0, 0, 0, 0, 0, 0, 0, 0, 0, 0, 0]",0
Kentish Town Library,Camden,51.54950403,-0.138864449,https://www.camden.gov.uk/kentish-town-library,,"['child', 'children', 'kid', 'kids', 'baby', 'babies', 'family', 'families', 'play', 'rhyme', 'rhymes', 'toy', 'toys', 'craft', 'nursery', 'daycare']","[0, 0, 0, 0, 0, 0, 0, 0, 0, 0, 0, 0, 0, 0, 0, 0]",0
Queens Crescent Library,Camden,51.54997951,-0.149592003,https://www.camden.gov.uk/queens-crescent-library,,"['child', 'children', 'kid', 'kids', 'baby', 'babies', 'family', 'families', 'play', 'rhyme', 'rhymes', 'toy', 'toys', 'craft', 'nursery', 'daycare']","[0, 0, 0, 0, 0, 0, 0, 0, 0, 0, 0, 0, 0, 0, 0, 0]",0
The Gate Library ,Newham,51.54719385,0.02711327,https://www.newham.gov.uk/Pages/ServiceChild/The-gate-library.aspx,,"['child', 'children', 'kid', 'kids', 'baby', 'babies', 'family', 'families', 'play', 'rhyme', 'rhymes', 'toy', 'toys', 'craft', 'nursery', 'daycare']","[0, 0, 0, 0, 0, 0, 0, 0, 0, 0, 0, 0, 0, 0, 0, 0]",0
Homerton Library,Hackney,51.54845395,-0.040153269,https://hackney.gov.uk/homerton-library,,"['child', 'children', 'kid', 'kids', 'baby', 'babies', 'family', 'families', 'play', 'rhyme', 'rhymes', 'toy', 'toys', 'craft', 'nursery', 'daycare']","[0, 0, 0, 0, 0, 0, 0, 6, 0, 0, 0, 0, 0, 0, 0, 0]",6
John Barnes Library,Islington,51.55043083,-0.124213467,https://librarytechnology.org/library/26821,,,,
South Ruislip Library,Hillingdon,51.55683414,-0.393563692,https://www.hillingdon.gov.uk/southruisliplibrary,,,,3
Manor Park Library,Newham,51.55021122,0.048597724,https://libraryon.org/library/E09000025/Manor-Park-Library?id=478,,,,
Keats Community Library,Camden,51.55497759,-0.166629413,http://www.keatscommunitylibrary.org.uk,,"['child', 'children', 'kid', 'kids', 'baby', 'babies', 'family', 'families', 'play', 'rhyme', 'rhymes', 'toy', 'toys', 'craft', 'nursery', 'daycare']","[7, 7, 0, 0, 0, 0, 1, 0, 2, 0, 0, 0, 0, 0, 0, 0]",17
Cricklewood,Brent,51.556355,-0.225798393,http://cricklewoodlibrary.org.uk,,"['child', 'children', 'kid', 'kids', 'baby', 'babies', 'family', 'families', 'play', 'rhyme', 'rhymes', 'toy', 'toys', 'craft', 'nursery', 'daycare']","[0, 0, 0, 0, 0, 0, 0, 0, 0, 0, 0, 0, 0, 0, 0, 0]",0
Elm Park Library,Havering,51.55199482,0.200125381,https://www.havering.gov.uk/elmparklibrary,,,,
Ickenham Library,Hillingdon,51.56302186,-0.441948781,https://www.hillingdon.gov.uk/ickenhamlibrary,4,,,3
Roxeth,Harrow,51.56211325,-0.354959407,https://libraries.harrow.gov.uk/digital-content/libraries/roxeth-library,,,,1
Harrow Green Community Library,Waltham Forest,51.5576213,0.008070079,https://harrowgreenlibrary.com,,,,
North Library,Islington,51.55990827,-0.120173008,https://www.islington.gov.uk/libraries-arts-and-heritage/libraries/your-local-libraries/north-library,,,,
Leyton Library,Waltham Forest,51.55822906,-0.005941923,https://www.walthamforest.gov.uk/content/leyton-library,,"['child', 'children', 'kid', 'kids', 'baby', 'babies', 'family', 'families', 'play', 'rhyme', 'rhymes', 'toy', 'toys', 'craft', 'nursery', 'daycare']","[0, 0, 0, 0, 0, 0, 0, 0, 0, 0, 0, 0, 0, 0, 0, 0]",0
Childs Hill ,Barnet,51.56166852,-0.199092218,https://www.barnet.gov.uk/libraries/find-your-local-library/childs-hill-library,,"['child', 'children', 'kid', 'kids', 'baby', 'babies', 'family', 'families', 'play', 'rhyme', 'rhymes', 'toy', 'toys', 'craft', 'nursery', 'daycare']","[1, 0, 0, 0, 0, 0, 0, 0, 0, 0, 0, 0, 0, 0, 0, 0]",1
Redbridge Central Library,Redbridge,51.55755549,0.076933039,https://www.redbridge.gov.uk/discover/history-and-heritage/redbridge-museum/,,"['child', 'children', 'kid', 'kids', 'baby', 'babies', 'family', 'families', 'play', 'rhyme', 'rhymes', 'toy', 'toys', 'craft', 'nursery', 'daycare']","[0, 0, 0, 0, 0, 0, 1, 0, 1, 0, 0, 0, 0, 0, 0, 0]",2
Upminster Library,Havering,51.55463794,0.249745369,https://www.havering.gov.uk/libraries-2/library-locations/10,,,,
Stoke Newington Library,Hackney,51.56111212,-0.081208186,http://www.hackney.gov.uk/stoke-newington-library,,"['child', 'children', 'kid', 'kids', 'baby', 'babies', 'family', 'families', 'play', 'rhyme', 'rhymes', 'toy', 'toys', 'craft', 'nursery', 'daycare']","[0, 0, 0, 0, 0, 0, 0, 6, 0, 0, 0, 0, 0, 0, 0, 0]",6
Valence,Barking and Dagenham,51.55806921,0.135478474,https://www.lbbd.gov.uk/libraries-and-local-history/our-libraries/library-opening-times-and-information/valence-community,4,,,
Goodmayes Library,Redbridge,51.55889344,0.110599992,https://visionrcl.org.uk/centre/goodmayes-library/,2,,,
Highgate Library,Camden,51.56326752,-0.142487036,https://www.camden.gov.uk/highgate-library,,"['child', 'children', 'kid', 'kids', 'baby', 'babies', 'family', 'families', 'play', 'rhyme', 'rhymes', 'toy', 'toys', 'craft', 'nursery', 'daycare']","[0, 0, 0, 0, 0, 0, 0, 0, 0, 0, 0, 0, 0, 0, 0, 0]",0
Clapton Library,Hackney,51.56216084,-0.058336644,http://www.hackney.gov.uk/clapton-library,,"['child', 'children', 'kid', 'kids', 'baby', 'babies', 'family', 'families', 'play', 'rhyme', 'rhymes', 'toy', 'toys', 'craft', 'nursery', 'daycare']","[0, 0, 0, 0, 0, 0, 0, 8, 0, 0, 0, 0, 0, 0, 0, 0]",8
N4 Library,Hackney,51.56332898,-0.101937018,https://www.islington.gov.uk/libraries-arts-and-heritage/libraries/your-local-libraries/n4-library,,,,
Archway Library,Islington,51.56517477,-0.134025306,,,,,
Aldersbrook Library,Redbridge,51.56285706,0.034606393,,,,,
Preston,Brent,51.56968996,-0.294175125,,,,,
Ruislip Manor Library,Hillingdon,51.57182885,-0.409969652,,,,,
Seven Kings Library,Redbridge,51.5642506,0.10146687,,,,,
Leytonstone Library,Waltham Forest,51.56766325,0.011976135,https://www.walthamforest.gov.uk/libraries/local-libraries/leytonstone-library,,"['child', 'children', 'kid', 'kids', 'baby', 'babies', 'family', 'families', 'play', 'rhyme', 'rhymes', 'toy', 'toys', 'craft', 'nursery', 'daycare']","[0, 0, 1, 1, 0, 0, 0, 0, 0, 0, 0, 0, 0, 1, 0, 0]",3
Woodberry Down Library,Hackney,51.56958151,-0.089760986,https://hackney.gov.uk/woodberry-down-library,,"['child', 'children', 'kid', 'kids', 'baby', 'babies', 'family', 'families', 'play', 'rhyme', 'rhymes', 'toy', 'toys', 'craft', 'nursery', 'daycare']","[0, 0, 0, 0, 0, 0, 0, 9, 0, 0, 0, 0, 0, 0, 0, 0]",9
Hornchurch Library,Havering,51.56438705,0.222200226,,,,,
Stamford Hill Library,Hackney,51.56986343,-0.070823934,https://hackney.gov.uk/stamford-hill-library,,"['child', 'children', 'kid', 'kids', 'baby', 'babies', 'family', 'families', 'play', 'rhyme', 'rhymes', 'toy', 'toys', 'craft', 'nursery', 'daycare']","[0, 0, 0, 0, 0, 0, 0, 7, 0, 0, 0, 0, 0, 0, 0, 0]",7
Lea Bridge Library,Waltham Forest,51.57019993,-0.021899496,,,,,
Manor Farm Library,Hillingdon,51.57749759,-0.426875733,,,,,
Golders Green ,Barnet,51.57425403,-0.200179203,https://www.barnet.gov.uk/libraries/find-your-local-library/golders-green-library,,"['child', 'children', 'kid', 'kids', 'baby', 'babies', 'family', 'families', 'play', 'rhyme', 'rhymes', 'toy', 'toys', 'craft', 'nursery', 'daycare']","[0, 0, 0, 0, 0, 0, 0, 0, 0, 0, 0, 0, 0, 0, 0, 0]",0
Eastcote Library,Hillingdon,51.57987055,-0.399015966,,,,,
Robert Jeyes Community Library,Barking and Dagenham,51.57212135,0.144638198,,,,,
Stroud Green and Harringay Library,Haringey,51.57704541,-0.104800835,http://www.haringey.gov.uk/stroud-green-and-harringay-library,,"['child', 'children', 'kid', 'kids', 'baby', 'babies', 'family', 'families', 'play', 'rhyme', 'rhymes', 'toy', 'toys', 'craft', 'nursery', 'daycare']","[0, 0, 0, 0, 0, 0, 0, 0, 0, 0, 0, 0, 0, 0, 0, 0]",0
Hornsey Library,Haringey,51.5777629,-0.120331171,http://www.haringey.gov.uk/hornsey-library,,"['child', 'children', 'kid', 'kids', 'baby', 'babies', 'family', 'families', 'play', 'rhyme', 'rhymes', 'toy', 'toys', 'craft', 'nursery', 'daycare']","[1, 1, 0, 0, 0, 0, 0, 0, 0, 0, 0, 0, 0, 0, 0, 0]",2
Wanstead Library,Redbridge,51.57538383,0.026895284,,,,,
Gayton,Harrow,51.58118267,-0.330201874,,,,,
Keith Axon Library,Redbridge,51.57387616,0.122929149,,,,,
Gants Hill Library,Redbridge,51.57712887,0.071676366,,,,,
St Ann's Library,Haringey,51.58041502,-0.081376662,http://www.haringey.gov.uk/st-anns-library,,"['child', 'children', 'kid', 'kids', 'baby', 'babies', 'family', 'families', 'play', 'rhyme', 'rhymes', 'toy', 'toys', 'craft', 'nursery', 'daycare']","[0, 0, 0, 0, 0, 0, 0, 0, 0, 1, 1, 0, 0, 0, 1, 0]",3
Kingsbury,Brent,51.58552355,-0.274858006,https://www.brent.gov.uk/services-for-residents/libraries/libraries-in-brent/kingsbury-library/,,"['child', 'children', 'kid', 'kids', 'baby', 'babies', 'family', 'families', 'play', 'rhyme', 'rhymes', 'toy', 'toys', 'craft', 'nursery', 'daycare']","[0, 0, 0, 0, 0, 0, 0, 0, 0, 0, 0, 0, 0, 0, 0, 0]",0
Garden Suburb Community Library ,Barnet,51.58580095,-0.181741357,https://gardensuburblibrary.org.uk/,,"['child', 'children', 'kid', 'kids', 'baby', 'babies', 'family', 'families', 'play', 'rhyme', 'rhymes', 'toy', 'toys', 'craft', 'nursery', 'daycare']","[5, 5, 0, 0, 0, 0, 0, 0, 0, 1, 0, 0, 0, 0, 0, 0]",11
Gidea Park Library,Havering,51.57949079,0.20753372,,,,,
Romford Central Library,Havering,51.58027,0.185138066,,,,,
Walthamstow Library,Waltham Forest,51.5839726,-0.019438984,https://www.walthamforest.gov.uk/content/walthamstow-library,,"['child', 'children', 'kid', 'kids', 'baby', 'babies', 'family', 'families', 'play', 'rhyme', 'rhymes', 'toy', 'toys', 'craft', 'nursery', 'daycare']","[0, 0, 0, 0, 0, 0, 0, 0, 0, 0, 0, 0, 0, 0, 0, 0]",0
Hendon,Barnet,51.58809113,-0.227360361,https://www.barnet.gov.uk/libraries/find-your-local-library/hendon-library,,"['child', 'children', 'kid', 'kids', 'baby', 'babies', 'family', 'families', 'play', 'rhyme', 'rhymes', 'toy', 'toys', 'craft', 'nursery', 'daycare']","[0, 0, 0, 0, 0, 0, 0, 0, 0, 0, 0, 0, 0, 0, 0, 0]",0
Pinner,Harrow,51.59090052,-0.378912076,,,,,
Marcus Garvey Library,Haringey,51.58767917,-0.072436947,http://www.haringey.gov.uk/marcus-garvey-library,,"['child', 'children', 'kid', 'kids', 'baby', 'babies', 'family', 'families', 'play', 'rhyme', 'rhymes', 'toy', 'toys', 'craft', 'nursery', 'daycare']","[1, 1, 0, 0, 0, 0, 0, 0, 0, 0, 0, 0, 0, 0, 0, 0]",2
Kenton,Harrow,51.59214569,-0.309678337,,,,,
Marks Gate,Barking and Dagenham,51.58490561,0.137516448,,,,,
Muswell Hill Library,Haringey,51.59062359,-0.141789878,http://www.haringey.gov.uk/muswell-hill-library,,"['child', 'children', 'kid', 'kids', 'baby', 'babies', 'family', 'families', 'play', 'rhyme', 'rhymes', 'toy', 'toys', 'craft', 'nursery', 'daycare']","[0, 0, 0, 0, 0, 0, 0, 0, 0, 0, 0, 0, 0, 0, 0, 0]",0
Wealdstone,Harrow,51.59364474,-0.333374798,,,,,
Clayhall Library,Redbridge,51.58979452,0.051056985,,,,,
East Finchley,Barnet,51.59342094,-0.165973843,https://www.barnet.gov.uk/libraries/find-your-local-library/east-finchley-library,,"['child', 'children', 'kid', 'kids', 'baby', 'babies', 'family', 'families', 'play', 'rhyme', 'rhymes', 'toy', 'toys', 'craft', 'nursery', 'daycare']","[0, 0, 0, 0, 0, 0, 0, 0, 0, 0, 0, 0, 0, 0, 0, 0]",0
Wood Street Library,Waltham Forest,51.59105708,-0.002843915,https://www.walthamforest.gov.uk/libraries/local-libraries/wood-street-library,,"['child', 'children', 'kid', 'kids', 'baby', 'babies', 'family', 'families', 'play', 'rhyme', 'rhymes', 'toy', 'toys', 'craft', 'nursery', 'daycare']","[0, 0, 1, 1, 0, 0, 0, 0, 0, 1, 0, 0, 0, 0, 0, 0]",3
Wood Green Central Library and Customer Services,Haringey,51.59502191,-0.108052332,http://www.haringey.gov.uk/wood-green-central-library,,"['child', 'children', 'kid', 'kids', 'baby', 'babies', 'family', 'families', 'play', 'rhyme', 'rhymes', 'toy', 'toys', 'craft', 'nursery', 'daycare']","[0, 0, 0, 0, 0, 0, 0, 0, 0, 0, 0, 0, 0, 0, 0, 0]",0
Fullwell Cross Library,Redbridge,51.59269709,0.08689642,,,,,
Higham Hill Library,Waltham Forest,51.59527813,-0.025878336,https://www.walthamforest.gov.uk/libraries/local-libraries/higham-hill-library,,"['child', 'children', 'kid', 'kids', 'baby', 'babies', 'family', 'families', 'play', 'rhyme', 'rhymes', 'toy', 'toys', 'craft', 'nursery', 'daycare']","[0, 0, 1, 1, 0, 0, 0, 0, 0, 1, 0, 0, 0, 1, 0, 0]",4
Northwood Hills Library,Hillingdon,51.60229864,-0.406724744,,,,,
Alexandra Park Library,Haringey,51.59833448,-0.135207795,http://www.haringey.gov.uk/alexandra-park-library,,"['child', 'children', 'kid', 'kids', 'baby', 'babies', 'family', 'families', 'play', 'rhyme', 'rhymes', 'toy', 'toys', 'craft', 'nursery', 'daycare']","[0, 0, 0, 0, 0, 0, 0, 0, 0, 0, 0, 0, 0, 0, 0, 0]",0
Church End ,Barnet,51.59932321,-0.195695662,,,,,
Harefield Library,Hillingdon,51.60389981,-0.481377327,,,,,
South Woodford Library and Gym,Redbridge,51.59663025,0.023571198,,,,,
Colindale,Barnet,51.60129207,-0.243478885,https://www.barnet.gov.uk/libraries/find-your-local-library/colindale-library,,"['child', 'children', 'kid', 'kids', 'baby', 'babies', 'family', 'families', 'play', 'rhyme', 'rhymes', 'toy', 'toys', 'craft', 'nursery', 'daycare']","[0, 0, 0, 0, 0, 0, 0, 0, 0, 0, 0, 0, 0, 0, 0, 0]",0
South Friern ,Barnet,51.59993455,-0.146935286,https://www.barnet.gov.uk/libraries/find-your-local-library/south-friern-library,,"['child', 'children', 'kid', 'kids', 'baby', 'babies', 'family', 'families', 'play', 'rhyme', 'rhymes', 'toy', 'toys', 'craft', 'nursery', 'daycare']","[0, 0, 0, 0, 0, 0, 0, 0, 0, 0, 0, 0, 0, 0, 0, 0]",0
Harold Wood Library,Havering,51.59401788,0.237108698,,,,,
Burnt Oak ,Barnet,51.60276504,-0.261638438,https://www.barnet.gov.uk/libraries/find-your-local-library/burnt-oak-library,,"['child', 'children', 'kid', 'kids', 'baby', 'babies', 'family', 'families', 'play', 'rhyme', 'rhymes', 'toy', 'toys', 'craft', 'nursery', 'daycare']","[0, 0, 0, 0, 0, 0, 0, 0, 0, 0, 0, 0, 0, 0, 0, 0]",0
Collier Row Library,Havering,51.59796672,0.162482974,,,,,
Coombes Croft Library,Haringey,51.60315254,-0.066697867,http://www.haringey.gov.uk/coombes-croft-library,,"['child', 'children', 'kid', 'kids', 'baby', 'babies', 'family', 'families', 'play', 'rhyme', 'rhymes', 'toy', 'toys', 'craft', 'nursery', 'daycare']","[0, 0, 0, 0, 0, 0, 0, 0, 0, 0, 0, 0, 0, 0, 0, 0]",0
Northwood Library,Hillingdon,51.61183903,-0.423276417,,,,,
Woodford Green Library,Redbridge,51.6070902,0.033954993,,,,,
Hale End Library,Waltham Forest,51.60870578,0.002769562,https://www.walthamforest.gov.uk/content/hale-end-library,,"['child', 'children', 'kid', 'kids', 'baby', 'babies', 'family', 'families', 'play', 'rhyme', 'rhymes', 'toy', 'toys', 'craft', 'nursery', 'daycare']","[0, 0, 2, 2, 0, 0, 0, 0, 1, 1, 0, 0, 0, 0, 0, 0]",6
Hainault Library,Redbridge,51.60753869,0.105766669,,,,,
Friern Barnet Community Library ,Barnet,51.61303719,-0.151842928,http://www.friernbarnetlibrary.org/,,"['child', 'children', 'kid', 'kids', 'baby', 'babies', 'family', 'families', 'play', 'rhyme', 'rhymes', 'toy', 'toys', 'craft', 'nursery', 'daycare']","[0, 0, 0, 0, 0, 0, 0, 0, 0, 0, 0, 0, 0, 0, 0, 0]",0
Fore Street,Enfield,51.61166506,-0.063707118,,,,,
Mill Hill ,Barnet,51.61488958,-0.241490103,https://www.barnet.gov.uk/libraries/find-your-local-library/mill-hill-library,,"['child', 'children', 'kid', 'kids', 'baby', 'babies', 'family', 'families', 'play', 'rhyme', 'rhymes', 'toy', 'toys', 'craft', 'nursery', 'daycare']","[0, 0, 0, 0, 0, 0, 0, 0, 0, 0, 0, 0, 0, 0, 0, 0]",0
Harold Hill Library,Havering,51.60723241,0.220053539,,,,,
Edgware ,Barnet,51.61577734,-0.272427097,https://www.barnet.gov.uk/libraries/find-your-local-library/edgware-library,,"['child', 'children', 'kid', 'kids', 'baby', 'babies', 'family', 'families', 'play', 'rhyme', 'rhymes', 'toy', 'toys', 'craft', 'nursery', 'daycare']","[0, 0, 0, 0, 0, 0, 0, 0, 0, 0, 0, 0, 0, 0, 0, 0]",0
Angel Raynham,Enfield,51.61259183,-0.059377369,,,,,
Bowes Road,Enfield,51.61492809,-0.129038125,,,,,
Stanmore,Harrow,51.61793485,-0.310063717,,,,,
Palmers Green,Enfield,51.61508369,-0.109010668,,,,,
Millfield House,Enfield,51.61589454,-0.079736045,,,,,
North Finchley ,Barnet,51.61807536,-0.174310929,https://www.barnet.gov.uk/libraries/find-your-local-library/north-finchley-library,,"['child', 'children', 'kid', 'kids', 'baby', 'babies', 'family', 'families', 'play', 'rhyme', 'rhymes', 'toy', 'toys', 'craft', 'nursery', 'daycare']","[0, 0, 0, 0, 0, 0, 0, 0, 0, 0, 0, 0, 0, 0, 0, 0]",0
South Chingford Community Library,Waltham Forest,51.61609652,-0.016176907,https://www.southchingfordlibrary.org.uk/,,"['child', 'children', 'kid', 'kids', 'baby', 'babies', 'family', 'families', 'play', 'rhyme', 'rhymes', 'toy', 'toys', 'craft', 'nursery', 'daycare']","[23, 22, 0, 0, 1, 1, 4, 1, 14, 0, 0, 4, 4, 3, 0, 0]",77
Edmonton Green,Enfield,51.62339871,-0.056459901,,,,,
Winchmore Hill,Enfield,51.62790941,-0.096829091,,,,,
Osidge,Barnet,51.62982049,-0.147457177,https://www.barnet.gov.uk/libraries/find-your-local-library/osidge-library,,"['child', 'children', 'kid', 'kids', 'baby', 'babies', 'family', 'families', 'play', 'rhyme', 'rhymes', 'toy', 'toys', 'craft', 'nursery', 'daycare']","[0, 0, 0, 0, 0, 0, 0, 0, 0, 0, 0, 0, 0, 0, 0, 0]",0
Southgate Circus,Enfield,51.62989232,-0.126731632,,,,,
North Chingford Library,Waltham Forest,51.63115177,0.0044664,https://www.walthamforest.gov.uk/libraries/local-libraries/chingford-library,,"['child', 'children', 'kid', 'kids', 'baby', 'babies', 'family', 'families', 'play', 'rhyme', 'rhymes', 'toy', 'toys', 'craft', 'nursery', 'daycare']","[0, 0, 1, 1, 0, 0, 0, 0, 0, 1, 0, 0, 0, 1, 0, 0]",4
Ridge Avenue,Enfield,51.63568138,-0.080359974,,,,,
East Barnet ,Barnet,51.64389091,-0.159901578,https://www.barnet.gov.uk/libraries/find-your-local-library/new-barnet-leisure-centre-and-library,,"['child', 'children', 'kid', 'kids', 'baby', 'babies', 'family', 'families', 'play', 'rhyme', 'rhymes', 'toy', 'toys', 'craft', 'nursery', 'daycare']","[0, 0, 0, 0, 0, 0, 0, 0, 0, 0, 0, 0, 0, 0, 0, 0]",0
John Jackson,Enfield,51.64493374,-0.064906253,,,,,
Ponders End,Enfield,51.64472766,-0.045949157,,,,,
Oakwood,Enfield,51.64834202,-0.127561284,,,,,
Enfield Town,Enfield,51.65119271,-0.084620218,,,,,
Chipping Barnet ,Barnet,51.65565921,-0.203165618,https://www.barnet.gov.uk/libraries/find-your-local-library/chipping-barnet-library,,"['child', 'children', 'kid', 'kids', 'baby', 'babies', 'family', 'families', 'play', 'rhyme', 'rhymes', 'toy', 'toys', 'craft', 'nursery', 'daycare']","[0, 0, 0, 0, 0, 0, 0, 0, 0, 0, 0, 0, 0, 0, 0, 0]",0
Enfield Highway,Enfield,51.65843232,-0.045865671,,,,,
Enfield Island Village,Enfield,51.66794853,-0.014837634,,,,,
Ordnance Unity Centre,Enfield,51.67157982,-0.037720477,,,,,
Bullsmoor,Enfield,51.67592229,-0.047890153,,,,,
West Norwood Library and Picturehouse,Lambeth,51.43228329,-0.102510989,,,,,
Slade Centre Library ,Greenwich,51.4788,0.08513,,,,,
Highgate Library ,Haringey,51.57714,-0.14374,,,,,
Cat and Mouse Library,Islington,51.55279,-0.12496,,,,,
Shepherds Bush Library ,Hammersmith and Fulham,51.5059,-0.22427,,,,,
Greenhill,Harrow,51.57948,-0.33585,,,,,
Uphall School Library,Redbridge,51.54746664,0.073761534,,,,,
,,51.5525949,0.05535975,https://bowarts.org/location/old-manor-park-library/,,"['child', 'children', 'kid', 'kids', 'baby', 'babies', 'family', 'families', 'play', 'rhyme', 'rhymes', 'toy', 'toys', 'craft', 'nursery', 'daycare']","[0, 0, 0, 0, 0, 0, 0, 0, 1, 0, 0, 0, 0, 1, 0, 0]",2
,,51.4993859,-0.12250325,https://commonslibrary.parliament.uk/,,"['child', 'children', 'kid', 'kids', 'baby', 'babies', 'family', 'families', 'play', 'rhyme', 'rhymes', 'toy', 'toys', 'craft', 'nursery', 'daycare']","[0, 0, 0, 0, 0, 0, 0, 0, 0, 0, 0, 0, 0, 0, 0, 0]",0
,,51.6088859,-0.13423625,http://evangelical-library.org.uk/,,"['child', 'children', 'kid', 'kids', 'baby', 'babies', 'family', 'families', 'play', 'rhyme', 'rhymes', 'toy', 'toys', 'craft', 'nursery', 'daycare']","[0, 0, 0, 0, 0, 0, 0, 0, 0, 0, 0, 0, 0, 0, 0, 0]",0
,,51.4979859,-0.10390325,http://feministlibrary.co.uk,,"['child', 'children', 'kid', 'kids', 'baby', 'babies', 'family', 'families', 'play', 'rhyme', 'rhymes', 'toy', 'toys', 'craft', 'nursery', 'daycare']","[0, 0, 0, 0, 0, 0, 0, 0, 1, 0, 0, 0, 0, 0, 0, 0]",1
,,51.5591819,0.00701575,https://harrowgreenlibrary.com/,,"['child', 'children', 'kid', 'kids', 'baby', 'babies', 'family', 'families', 'play', 'rhyme', 'rhymes', 'toy', 'toys', 'craft', 'nursery', 'daycare']","[0, 0, 0, 0, 0, 0, 0, 0, 0, 0, 0, 0, 0, 0, 0, 0]",0
,,51.49781923,-0.176736583,https://imperial.ac.uk/library,,"['child', 'children', 'kid', 'kids', 'baby', 'babies', 'family', 'families', 'play', 'rhyme', 'rhymes', 'toy', 'toys', 'craft', 'nursery', 'daycare']","[0, 0, 0, 0, 0, 0, 0, 0, 0, 0, 0, 0, 0, 0, 0, 0]",0
,,51.5525949,0.05535975,http://oldmanorparklibrary.org/,,"['child', 'children', 'kid', 'kids', 'baby', 'babies', 'family', 'families', 'play', 'rhyme', 'rhymes', 'toy', 'toys', 'craft', 'nursery', 'daycare']","[0, 0, 0, 0, 0, 0, 0, 0, 0, 0, 0, 0, 0, 0, 0, 0]",0
,,51.5370186,-0.123363013,https://www.agakhanlibrary.org/,,"['child', 'children', 'kid', 'kids', 'baby', 'babies', 'family', 'families', 'play', 'rhyme', 'rhymes', 'toy', 'toys', 'craft', 'nursery', 'daycare']","[1, 0, 0, 0, 0, 0, 1, 0, 2, 0, 0, 0, 0, 0, 0, 0]",4
,,51.5994059,-0.19356325,https://www.barnet.gov.uk/libraries/find-your-local-library/finchley-church-end-library,,"['child', 'children', 'kid', 'kids', 'baby', 'babies', 'family', 'families', 'play', 'rhyme', 'rhymes', 'toy', 'toys', 'craft', 'nursery', 'daycare']","[0, 0, 0, 0, 0, 0, 0, 0, 0, 0, 0, 0, 0, 0, 0, 0]",0
,,51.5164699,-0.09932025,https://www.bartshealth.nhs.uk/archives-museums-art,,"['child', 'children', 'kid', 'kids', 'baby', 'babies', 'family', 'families', 'play', 'rhyme', 'rhymes', 'toy', 'toys', 'craft', 'nursery', 'daycare']","[0, 0, 0, 0, 0, 0, 0, 0, 0, 0, 0, 0, 0, 0, 0, 0]",0
,,51.4783269,0.08681875,http://www.better.org.uk/areas/greenwich/venues/slade-centre-library,,"['child', 'children', 'kid', 'kids', 'baby', 'babies', 'family', 'families', 'play', 'rhyme', 'rhymes', 'toy', 'toys', 'craft', 'nursery', 'daycare']","[0, 0, 0, 0, 0, 0, 0, 0, 0, 0, 0, 0, 0, 0, 0, 0]",0
,,51.4065399,0.02004275,https://www.better.org.uk/library/london/bromley/bromley-central-library,5,"['child', 'children', 'kid', 'kids', 'baby', 'babies', 'family', 'families', 'play', 'rhyme', 'rhymes', 'toy', 'toys', 'craft', 'nursery', 'daycare']","[0, 0, 0, 0, 0, 0, 0, 0, 0, 0, 0, 0, 0, 0, 0, 0]",0
,,51.51817479,-0.07771992,http://www.bishopsgate.org.uk/,,"['child', 'children', 'kid', 'kids', 'baby', 'babies', 'family', 'families', 'play', 'rhyme', 'rhymes', 'toy', 'toys', 'craft', 'nursery', 'daycare']","[0, 0, 0, 0, 0, 0, 0, 0, 0, 0, 0, 0, 0, 0, 0, 0]",0
,,51.5181859,-0.07770325,http://www.bishopsgate.org.uk/library,,"['child', 'children', 'kid', 'kids', 'baby', 'babies', 'family', 'families', 'play', 'rhyme', 'rhymes', 'toy', 'toys', 'craft', 'nursery', 'daycare']","[0, 0, 0, 0, 0, 0, 0, 0, 0, 0, 0, 0, 0, 0, 0, 0]",0
,,51.5289299,-0.12534725,https://www.bl.uk/,,"['child', 'children', 'kid', 'kids', 'baby', 'babies', 'family', 'families', 'play', 'rhyme', 'rhymes', 'toy', 'toys', 'craft', 'nursery', 'daycare']","[2, 1, 0, 0, 0, 0, 13, 3, 21, 0, 0, 0, 0, 0, 0, 0]",40
,,51.5019159,-0.38027925,https://www.brent.gov.uk/services-for-residents/libraries/libraries-in-brent/ealing-road-library/,,"['child', 'children', 'kid', 'kids', 'baby', 'babies', 'family', 'families', 'play', 'rhyme', 'rhymes', 'toy', 'toys', 'craft', 'nursery', 'daycare']","[0, 0, 0, 0, 0, 0, 0, 0, 0, 0, 0, 0, 0, 0, 0, 0]",0
,,51.4736299,-0.03380425,https://www.ealing.gov.uk/info/201241/find_your_library/2404/southall_library_and_dominion_centre,,"['child', 'children', 'kid', 'kids', 'baby', 'babies', 'family', 'families', 'play', 'rhyme', 'rhymes', 'toy', 'toys', 'craft', 'nursery', 'daycare']","[0, 0, 0, 0, 0, 0, 0, 0, 0, 0, 0, 0, 0, 0, 0, 0]",0
,,51.49781923,-0.176736583,http://www.gold.ac.uk/make/,,"['child', 'children', 'kid', 'kids', 'baby', 'babies', 'family', 'families', 'play', 'rhyme', 'rhymes', 'toy', 'toys', 'craft', 'nursery', 'daycare']","[1, 1, 0, 0, 0, 0, 1, 0, 0, 0, 0, 0, 0, 0, 0, 0]",3
,,51.5257859,-0.07780325,https://www.hillingdon.gov.uk/article/8697/Uxbridge-Library,,"['child', 'children', 'kid', 'kids', 'baby', 'babies', 'family', 'families', 'play', 'rhyme', 'rhymes', 'toy', 'toys', 'craft', 'nursery', 'daycare']","[0, 0, 0, 0, 0, 0, 0, 0, 0, 0, 0, 0, 0, 0, 0, 0]",0
,,51.5125859,-0.10790325,https://www.imperial.ac.uk/admin-services/library/,,"['child', 'children', 'kid', 'kids', 'baby', 'babies', 'family', 'families', 'play', 'rhyme', 'rhymes', 'toy', 'toys', 'craft', 'nursery', 'daycare']","[2, 2, 0, 0, 0, 0, 0, 0, 36, 0, 0, 0, 0, 1, 0, 0]",41
,,51.5069859,-0.27368125,http://www.iniva.org/library/,,"['child', 'children', 'kid', 'kids', 'baby', 'babies', 'family', 'families', 'play', 'rhyme', 'rhymes', 'toy', 'toys', 'craft', 'nursery', 'daycare']","[0, 0, 0, 0, 0, 0, 0, 0, 0, 0, 0, 0, 0, 0, 0, 0]",0
,,51.5147859,-0.10900325,http://www.innertemplelibrary.org.uk/,,"['child', 'children', 'kid', 'kids', 'baby', 'babies', 'family', 'families', 'play', 'rhyme', 'rhymes', 'toy', 'toys', 'craft', 'nursery', 'daycare']","[0, 0, 0, 0, 0, 0, 0, 0, 0, 0, 0, 0, 0, 0, 0, 0]",0
,,51.4947939,-0.11855525,http://www.iranianlibrary.org.uk/,,"['child', 'children', 'kid', 'kids', 'baby', 'babies', 'family', 'families', 'play', 'rhyme', 'rhymes', 'toy', 'toys', 'craft', 'nursery', 'daycare']","[0, 0, 0, 0, 0, 0, 0, 0, 1, 0, 0, 1, 0, 0, 0, 0]",2
,,51.4952119,-0.11871725,http://www.kcl.ac.uk/visit/maughan-library,,"['child', 'children', 'kid', 'kids', 'baby', 'babies', 'family', 'families', 'play', 'rhyme', 'rhymes', 'toy', 'toys', 'craft', 'nursery', 'daycare']","[0, 0, 0, 0, 0, 0, 0, 0, 0, 0, 0, 0, 0, 0, 0, 0]",0
,,51.5161859,-0.11306025,http://www.lambethpalacelibrary.org/,,"['child', 'children', 'kid', 'kids', 'baby', 'babies', 'family', 'families', 'play', 'rhyme', 'rhymes', 'toy', 'toys', 'craft', 'nursery', 'daycare']","[0, 0, 0, 0, 0, 0, 0, 0, 0, 0, 0, 0, 0, 0, 0, 0]",0
,,51.5068359,-0.13525325,https://www.lincolnsinn.org.uk/index.php/library,,"['child', 'children', 'kid', 'kids', 'baby', 'babies', 'family', 'families', 'play', 'rhyme', 'rhymes', 'toy', 'toys', 'craft', 'nursery', 'daycare']","[0, 0, 0, 0, 0, 0, 0, 0, 0, 0, 0, 0, 0, 0, 0, 0]",0
,,51.5204289,-0.12622625,https://www.londonlibrary.co.uk/,,"['child', 'children', 'kid', 'kids', 'baby', 'babies', 'family', 'families', 'play', 'rhyme', 'rhymes', 'toy', 'toys', 'craft', 'nursery', 'daycare']","[0, 0, 0, 0, 0, 0, 1, 2, 0, 0, 0, 0, 0, 0, 0, 0]",3
,,51.4963779,-0.17477045,https://www.london.ac.uk/senate-house-library,,"['child', 'children', 'kid', 'kids', 'baby', 'babies', 'family', 'families', 'play', 'rhyme', 'rhymes', 'toy', 'toys', 'craft', 'nursery', 'daycare']","[0, 0, 0, 0, 0, 0, 0, 0, 0, 0, 0, 0, 0, 0, 0, 0]",0
,,51.50519701,-0.11516436,http://www.nhm.ac.uk/our-science/departments-and-staff/library-and-archives/using-the-library-and-archives.html,,"['child', 'children', 'kid', 'kids', 'baby', 'babies', 'family', 'families', 'play', 'rhyme', 'rhymes', 'toy', 'toys', 'craft', 'nursery', 'daycare']","[0, 0, 0, 0, 0, 0, 0, 0, 0, 0, 0, 0, 0, 0, 0, 0]",0
,,51.5167859,-0.05885875,http://www.poetrylibrary.org.uk,,"['child', 'children', 'kid', 'kids', 'baby', 'babies', 'family', 'families', 'play', 'rhyme', 'rhymes', 'toy', 'toys', 'craft', 'nursery', 'daycare']","[12, 11, 2, 2, 0, 0, 0, 2, 8, 0, 0, 0, 0, 0, 0, 0]",37
,,51.4937819,-0.13292825,https://www.qmul.ac.uk/library/contact-us/find-us/whitechapel-library/,,"['child', 'children', 'kid', 'kids', 'baby', 'babies', 'family', 'families', 'play', 'rhyme', 'rhymes', 'toy', 'toys', 'craft', 'nursery', 'daycare']","[0, 0, 0, 0, 0, 0, 0, 0, 0, 0, 0, 0, 0, 0, 0, 0]",0
,,51.5154859,-0.14540325,https://www.rhs.org.uk/education-learning/libraries-at-rhs/visit-the-libraries,,"['child', 'children', 'kid', 'kids', 'baby', 'babies', 'family', 'families', 'play', 'rhyme', 'rhymes', 'toy', 'toys', 'craft', 'nursery', 'daycare']","[3, 3, 0, 0, 0, 0, 0, 0, 0, 0, 0, 0, 0, 0, 1, 0]",7
,,51.5129329,-0.10345025,https://www.rsm.ac.uk/the-library/,,"['child', 'children', 'kid', 'kids', 'baby', 'babies', 'family', 'families', 'play', 'rhyme', 'rhymes', 'toy', 'toys', 'craft', 'nursery', 'daycare']","[0, 0, 0, 0, 0, 0, 0, 0, 0, 0, 0, 0, 0, 0, 0, 0]",0
,,51.4830329,-0.00511725,http://www.sbf.org.uk/library,,"['child', 'children', 'kid', 'kids', 'baby', 'babies', 'family', 'families', 'play', 'rhyme', 'rhymes', 'toy', 'toys', 'craft', 'nursery', 'daycare']","[0, 0, 0, 0, 0, 0, 0, 0, 0, 0, 0, 0, 0, 0, 0, 0]",0
,,51.4962859,-0.17100325,http://www.trinitylaban.ac.uk/jerwoodlibrary,,"['child', 'children', 'kid', 'kids', 'baby', 'babies', 'family', 'families', 'play', 'rhyme', 'rhymes', 'toy', 'toys', 'craft', 'nursery', 'daycare']","[0, 0, 0, 0, 0, 0, 0, 0, 0, 0, 0, 0, 0, 0, 0, 0]",0
,,51.4962859,-0.17100325,http://www.vam.ac.uk/nal/,,"['child', 'children', 'kid', 'kids', 'baby', 'babies', 'family', 'families', 'play', 'rhyme', 'rhymes', 'toy', 'toys', 'craft', 'nursery', 'daycare']","[0, 0, 0, 0, 0, 0, 0, 0, 1, 0, 0, 0, 0, 0, 0, 0]",1
,,51.5091259,-0.12820325,https://www.westminster.gov.uk/library-opening-hours-and-contact-details#westminster-reference-library,,"['child', 'children', 'kid', 'kids', 'baby', 'babies', 'family', 'families', 'play', 'rhyme', 'rhymes', 'toy', 'toys', 'craft', 'nursery', 'daycare']","[0, 0, 0, 0, 0, 0, 0, 0, 0, 0, 0, 0, 0, 0, 0, 0]",0
,,51.52109701,-0.12640325,http://www.wienerlibrary.co.uk/home,,"['child', 'children', 'kid', 'kids', 'baby', 'babies', 'family', 'families', 'play', 'rhyme', 'rhymes', 'toy', 'toys', 'craft', 'nursery', 'daycare']","[0, 0, 0, 0, 0, 0, 0, 0, 1, 0, 0, 0, 0, 0, 0, 0]",1